-- phpMyAdmin SQL Dump
-- version 4.8.0
-- https://www.phpmyadmin.net/
--
-- Host: 127.0.0.1
-- Waktu pembuatan: 05 Jun 2021 pada 10.37
-- Versi server: 10.1.31-MariaDB
-- Versi PHP: 7.1.16

SET SQL_MODE = "NO_AUTO_VALUE_ON_ZERO";
SET AUTOCOMMIT = 0;
START TRANSACTION;
SET time_zone = "+00:00";


/*!40101 SET @OLD_CHARACTER_SET_CLIENT=@@CHARACTER_SET_CLIENT */;
/*!40101 SET @OLD_CHARACTER_SET_RESULTS=@@CHARACTER_SET_RESULTS */;
/*!40101 SET @OLD_COLLATION_CONNECTION=@@COLLATION_CONNECTION */;
/*!40101 SET NAMES utf8mb4 */;

--
-- Database: `ta2`
--

-- --------------------------------------------------------

--
-- Struktur dari tabel `app_akun`
--

CREATE TABLE `app_akun` (
  `id` int(11) NOT NULL,
  `nama` varchar(255) NOT NULL,
  `kapasitas` int(11) NOT NULL
) ENGINE=InnoDB DEFAULT CHARSET=utf8mb4;

--
-- Dumping data untuk tabel `app_akun`
--

INSERT INTO `app_akun` (`id`, `nama`, `kapasitas`) VALUES
(1, 'Host 1', 300),
(2, 'Host 2', 300),
(3, 'Host 3', 300),
(4, 'Host 4', 300),
(5, 'Host 5', 300),
(6, 'Host 6', 300);

-- --------------------------------------------------------

--
-- Struktur dari tabel `app_dosen`
--

CREATE TABLE `app_dosen` (
  `id` int(11) NOT NULL,
  `nama` varchar(255) NOT NULL
) ENGINE=InnoDB DEFAULT CHARSET=utf8mb4;

--
-- Dumping data untuk tabel `app_dosen`
--

INSERT INTO `app_dosen` (`id`, `nama`) VALUES
(2, 'ACB'),
(3, 'AMS'),
(4, 'ANM'),
(5, 'ART'),
(6, 'AZP'),
(8, 'ESS'),
(9, 'GHP'),
(10, 'GIW'),
(11, 'HER'),
(12, 'IFY'),
(13, 'IPM'),
(14, 'IUS'),
(15, 'JHS'),
(16, 'JYD'),
(17, 'LMG'),
(18, 'MMS'),
(19, 'MPR'),
(20, 'MSL'),
(21, 'PDS'),
(22, 'RDT'),
(23, 'REG'),
(24, 'RIS'),
(25, 'RMM'),
(27, 'SML'),
(28, 'THJ'),
(29, 'TLG'),
(30, 'TMP'),
(31, 'TNT'),
(32, 'VES'),
(33, 'WES'),
(34, 'YHP'),
(35, 'ISW'),
(36, 'YAG'),
(37, 'SAM');

-- --------------------------------------------------------

--
-- Struktur dari tabel `app_dosen_matkul_kelas`
--

CREATE TABLE `app_dosen_matkul_kelas` (
  `id` int(11) NOT NULL,
  `no_dosen_id` int(11) NOT NULL,
  `no_kelas_id` int(11) NOT NULL,
  `no_matkul_id` int(11) NOT NULL
) ENGINE=InnoDB DEFAULT CHARSET=utf8mb4;

--
-- Dumping data untuk tabel `app_dosen_matkul_kelas`
--

INSERT INTO `app_dosen_matkul_kelas` (`id`, `no_dosen_id`, `no_kelas_id`, `no_matkul_id`) VALUES
(80, 19, 1, 128),
(81, 29, 1, 130),
(82, 30, 1, 132),
(83, 27, 1, 134),
(84, 13, 1, 136),
(85, 21, 1, 136),
(86, 11, 1, 138),
(87, 31, 1, 140),
(88, 2, 1, 131),
(89, 28, 1, 131),
(90, 4, 1, 131),
(91, 35, 1, 131),
(92, 19, 4, 128),
(93, 2, 4, 131),
(94, 4, 4, 131),
(95, 28, 4, 131),
(96, 35, 4, 131),
(97, 30, 4, 132),
(98, 27, 4, 134),
(99, 13, 4, 136),
(100, 21, 4, 136),
(101, 8, 4, 130),
(102, 11, 4, 142),
(103, 6, 4, 130),
(104, 11, 4, 144),
(105, 5, 4, 144),
(106, 2, 7, 146),
(107, 28, 7, 146),
(108, 4, 7, 146),
(109, 35, 7, 146),
(110, 13, 7, 147),
(111, 21, 7, 147),
(112, 22, 7, 149),
(113, 25, 7, 151),
(114, 22, 7, 153),
(115, 10, 7, 154),
(116, 27, 7, 156),
(117, 36, 7, 156),
(118, 3, 7, 158),
(119, 32, 7, 144),
(120, 28, 8, 146),
(121, 24, 8, 149),
(122, 34, 8, 149),
(123, 37, 8, 151),
(124, 3, 8, 154),
(125, 23, 8, 156),
(126, 19, 2, 160),
(127, 12, 2, 162),
(128, 8, 2, 164),
(129, 10, 2, 164),
(130, 30, 2, 166),
(131, 22, 2, 168),
(132, 9, 2, 168),
(133, 14, 2, 170),
(134, 9, 2, 170),
(135, 32, 2, 172),
(136, 12, 5, 162),
(137, 8, 5, 164),
(138, 10, 5, 164),
(139, 16, 5, 160),
(140, 18, 5, 174),
(141, 6, 5, 176),
(142, 15, 5, 178),
(143, 21, 5, 180),
(144, 10, 5, 178),
(145, 8, 9, 182),
(146, 10, 9, 182),
(147, 25, 9, 184),
(148, 34, 9, 186),
(149, 22, 9, 188),
(150, 24, 9, 190),
(151, 32, 9, 192),
(152, 23, 9, 194),
(153, 28, 3, 196),
(154, 34, 3, 198),
(155, 9, 3, 198),
(156, 34, 3, 200),
(157, 30, 3, 202),
(158, 9, 3, 202),
(159, 31, 3, 204),
(160, 19, 3, 206),
(161, 33, 3, 208),
(162, 28, 6, 196),
(163, 33, 6, 208),
(164, 8, 6, 212),
(165, 15, 6, 214),
(166, 10, 6, 214),
(167, 18, 6, 216),
(168, 21, 6, 216),
(169, 18, 6, 218),
(170, 6, 6, 218),
(171, 13, 6, 210),
(172, 25, 10, 220),
(173, 3, 10, 222),
(174, 34, 10, 224),
(175, 24, 10, 226),
(176, 31, 10, 228),
(177, 15, 10, 228),
(178, 20, 10, 230),
(179, 34, 10, 232),
(180, 23, 10, 232),
(181, 12, 10, 234),
(182, 24, 11, 236),
(183, 17, 11, 239),
(184, 3, 11, 240),
(185, 32, 11, 240),
(186, 3, 11, 242),
(187, 32, 11, 242),
(188, 22, 11, 244),
(189, 34, 11, 246),
(190, 9, 11, 246),
(191, 32, 11, 248);

-- --------------------------------------------------------

--
-- Struktur dari tabel `app_hari`
--

CREATE TABLE `app_hari` (
  `id` int(11) NOT NULL,
  `nama` varchar(10) NOT NULL
) ENGINE=InnoDB DEFAULT CHARSET=utf8mb4;

--
-- Dumping data untuk tabel `app_hari`
--

INSERT INTO `app_hari` (`id`, `nama`) VALUES
(1, 'Senin'),
(2, 'Selasa'),
(3, 'Rabu'),
(4, 'Kamis'),
(5, 'Jumat');

-- --------------------------------------------------------

--
-- Struktur dari tabel `app_jadwal`
--

CREATE TABLE `app_jadwal` (
  `id` int(11) NOT NULL,
  `kategori_id` int(11) NOT NULL,
  `no_akun_id` int(11) NOT NULL,
  `no_dosen_id` int(11) NOT NULL,
  `no_hari_id` int(11) NOT NULL,
  `no_kelas_id` int(11) NOT NULL,
  `no_matkul_id` int(11) NOT NULL,
  `no_sesi_id` int(11) NOT NULL,
  `no_ta_id` int(11) NOT NULL
) ENGINE=InnoDB DEFAULT CHARSET=utf8mb4;

-- --------------------------------------------------------

--
-- Struktur dari tabel `app_kategori`
--

CREATE TABLE `app_kategori` (
  `id` int(11) NOT NULL,
  `nama` varchar(255) NOT NULL
) ENGINE=InnoDB DEFAULT CHARSET=utf8mb4;

--
-- Dumping data untuk tabel `app_kategori`
--

INSERT INTO `app_kategori` (`id`, `nama`) VALUES
(1, 'TEORI'),
(2, 'PRAKTIKUM');

-- --------------------------------------------------------

--
-- Struktur dari tabel `app_kelas`
--

CREATE TABLE `app_kelas` (
  `id` int(11) NOT NULL,
  `nama` varchar(8) NOT NULL,
  `kapasitas` int(11) NOT NULL
) ENGINE=InnoDB DEFAULT CHARSET=utf8mb4;

--
-- Dumping data untuk tabel `app_kelas`
--

INSERT INTO `app_kelas` (`id`, `nama`, `kapasitas`) VALUES
(1, '31TI', 60),
(2, '32TI', 56),
(3, '33TI', 65),
(4, '31TK', 57),
(5, '32TK', 30),
(6, '33TK', 53),
(7, '41TRPL', 63),
(8, '41TRPL3', 24),
(9, '42TRPL', 65),
(10, '43TRPL', 54),
(11, '44TRPL', 29);

-- --------------------------------------------------------

--
-- Struktur dari tabel `app_matkul`
--

CREATE TABLE `app_matkul` (
  `id` int(11) NOT NULL,
  `kode` varchar(255) NOT NULL,
  `nama` varchar(255) NOT NULL,
  `sks` int(11) NOT NULL,
  `kategori_id` int(11) NOT NULL
) ENGINE=InnoDB DEFAULT CHARSET=utf8mb4;

--
-- Dumping data untuk tabel `app_matkul`
--

INSERT INTO `app_matkul` (`id`, `kode`, `nama`, `sks`, `kategori_id`) VALUES
(128, 'KU31101', 'ING I', 1, 1),
(129, 'KU31101', 'ING I', 1, 2),
(130, 'TI31101', 'INDIG', 2, 1),
(131, 'KU31102', 'DELCHA', 2, 1),
(132, '1031101', 'DASPRO', 2, 1),
(133, '1031101', 'DASPRO', 1, 2),
(134, '1031102', 'MATDIS', 1, 1),
(135, '1031102', 'MATDIS', 2, 2),
(136, '1031103', 'AOK', 1, 1),
(137, '1031103', 'AOK', 2, 2),
(138, '1131105', 'RPL', 1, 1),
(139, '1131105', 'RPL', 2, 2),
(140, '1131104', 'PSW I', 1, 1),
(141, '1131104', 'PSW I', 2, 2),
(142, '1331104', 'PSW I', 1, 1),
(143, '1331104', 'PSW I', 2, 2),
(144, '1331105', 'PRPL', 1, 1),
(145, '1331105', 'PRPL', 2, 2),
(146, 'KU41101', 'DELCHA', 2, 1),
(147, '1041103', 'AOK', 1, 1),
(148, '1041103', 'AOK', 1, 2),
(149, '1141104', 'PSW I', 1, 1),
(150, '1141104', 'PSW I', 2, 2),
(151, 'KU41102', 'ING I', 1, 1),
(152, 'KU41102', 'ING I', 1, 2),
(153, 'TI41101', 'INDIG', 2, 1),
(154, '1041101', 'DASPRO', 1, 1),
(155, '1041101', 'DASPRO', 2, 2),
(156, '1041102', 'MATDIS', 2, 1),
(157, '1041102', 'MATDIS', 1, 2),
(158, '1141105', 'PRPL', 1, 1),
(159, '1141105', 'PRPL', 2, 2),
(160, 'KU32101', 'ING III', 1, 1),
(161, 'KU32101', 'ING III', 1, 2),
(162, 'MA32101', 'PROBSTAT', 1, 1),
(163, 'MA32101', 'PROBSTAT', 2, 2),
(164, '1032101', 'JARKOM', 1, 1),
(165, '1032101', 'JARKOM', 2, 2),
(166, '1132102', 'PBO', 1, 1),
(167, '1132102', 'PBO', 2, 2),
(168, '1132103', 'PAM', 1, 1),
(169, '1132103', 'PAM', 2, 2),
(170, '1132104', 'PAP', 1, 1),
(171, '1132104', 'PAP', 2, 2),
(172, '1132205', 'SBD', 1, 1),
(173, '1132205', 'SBD', 2, 2),
(174, '1332102', 'PROGSIS', 3, 1),
(175, '1332102', 'PROGSIS', 2, 2),
(176, '1332103', 'PAP', 1, 1),
(177, '1332103', 'PAP', 2, 2),
(178, '1332104', 'VIRKOM', 1, 1),
(179, '1332104', 'VIRKOM', 2, 2),
(180, '1332105', 'DE', 1, 1),
(181, '1332105', 'DE', 1, 2),
(182, '1042101', 'JARKOM', 1, 1),
(183, '1042101', 'JARKOM', 2, 2),
(184, 'KU42101', 'ING III', 1, 1),
(185, 'KU42101', 'ING III', 1, 2),
(186, '1042102', 'ALSRUDAT', 1, 1),
(187, '1042102', 'ALSRUDAT', 2, 2),
(188, '1142103', 'OOSD', 1, 1),
(189, '1142103', 'OOSD', 2, 2),
(190, '1142104', 'PAP', 1, 1),
(191, '1142104', 'PAP', 2, 2),
(192, '1142105', 'SBD', 1, 1),
(193, '1142105', 'SBD', 2, 2),
(194, '1142106', 'LOGIN', 1, 1),
(195, '1142106', 'LOGIN', 1, 2),
(196, 'KU33101', 'ING V', 1, 1),
(197, 'KU33101', 'ING V', 1, 2),
(198, '1033101', 'TEKCERTAN', 1, 1),
(199, '1033101', 'TEKCERTAN', 2, 2),
(200, '1133102', 'ALU', 1, 1),
(201, '1133102', 'ALU', 2, 2),
(202, '1133103', 'JAVA EE', 1, 1),
(203, '1133103', 'JAVA EE', 2, 2),
(204, '1133104', 'KEPAL', 2, 1),
(205, '1133104', 'KEPAL', 1, 2),
(206, '1133190', 'TA 1', 1, 1),
(207, '1133190', 'TA 1', 2, 2),
(208, 'TI33101', 'TEKNO', 1, 1),
(209, 'TI33101', 'TEKNO', 1, 2),
(210, '1333105', 'TA 1', 1, 1),
(211, '1333105', 'TA 1', 2, 2),
(212, '1333101', 'ADJAR', 1, 1),
(213, '1333101', 'ADJAR', 2, 2),
(214, '1333102', 'KAJAR', 1, 1),
(215, '1333102', 'KAJAR', 2, 2),
(216, '1333103', 'PIC', 1, 1),
(217, '1333103', 'PIC', 2, 2),
(218, '1333104', 'TEK IOT', 1, 1),
(219, '1333104', 'TEK IOT', 2, 2),
(220, 'KU43101', 'ING V', 1, 1),
(221, 'KU43101', 'ING V', 1, 2),
(222, '1143101', 'PPL', 1, 1),
(223, '1143101', 'PPL', 2, 2),
(224, '1143102', 'ALU', 1, 1),
(225, '1143102', 'ALU', 2, 2),
(226, '1143103', 'KREN', 1, 1),
(227, '1143103', 'KREN', 2, 2),
(228, '1143104', 'KEPAL', 2, 1),
(229, '1143104', 'KEPAL', 1, 2),
(230, '1143105', 'AUTOMATA', 2, 1),
(231, '1143105', 'AUTOMATA', 1, 2),
(232, '1143106', 'METPEN', 1, 1),
(233, '1143106', 'METPEN', 1, 2),
(234, '1143203', 'PM', 1, 1),
(235, '1143203', 'PM', 2, 2),
(236, 'TI44101', 'TEKNO', 1, 1),
(237, 'TI44101', 'TEKNO', 2, 2),
(238, '1144101', 'APPL', 1, 1),
(239, '1144101', 'APPL', 2, 2),
(240, '1144102', 'MANPRO', 1, 1),
(241, '1144102', 'MANPRO', 2, 2),
(242, '1144103', 'KUPEL', 1, 1),
(243, '1144103', 'KUPEL', 1, 2),
(244, '1144104', 'RPL', 1, 1),
(245, '1144104', 'RPL', 1, 2),
(246, '1144105', 'CERTAN', 1, 1),
(247, '1144105', 'CERTAN', 2, 2),
(248, '1144190', 'TA I', 1, 1),
(249, '1144190', 'TA I', 2, 2);

-- --------------------------------------------------------

--
-- Struktur dari tabel `app_sesi`
--

CREATE TABLE `app_sesi` (
  `id` int(11) NOT NULL,
  `nama` varchar(255) NOT NULL
) ENGINE=InnoDB DEFAULT CHARSET=utf8mb4;

--
-- Dumping data untuk tabel `app_sesi`
--

INSERT INTO `app_sesi` (`id`, `nama`) VALUES
(1, 'Sesi 1'),
(2, 'Sesi 2'),
(3, 'Sesi 3'),
(4, 'Sesi 4'),
(5, 'Sesi 5'),
(6, 'Sesi 6'),
(7, 'Sesi 7'),
(8, 'Sesi 8');

-- --------------------------------------------------------

--
-- Struktur dari tabel `app_ta`
--

CREATE TABLE `app_ta` (
  `id` int(11) NOT NULL,
  `nama` varchar(255) NOT NULL
) ENGINE=InnoDB DEFAULT CHARSET=utf8mb4;

--
-- Dumping data untuk tabel `app_ta`
--

INSERT INTO `app_ta` (`id`, `nama`) VALUES
(1, 'AKH'),
(2, 'CDN'),
(3, 'JAP'),
(4, 'SEP'),
(5, 'SRT'),
(6, 'ATN'),
(7, 'JNM'),
(8, 'RDS'),
(9, 'FST'),
(10, 'TLS'),
(11, 'SJS'),
(12, 'DES'),
(18, 'PHI'),
(19, 'ARH'),
(20, 'VKS'),
(21, 'WON'),
(22, 'MH1'),
(23, 'MH2'),
(24, 'MH3'),
(25, 'MH4'),
(26, 'MH5'),
(27, 'MH6'),
(28, 'MH7'),
(29, 'MH8'),
(30, 'MH9'),
(31, 'MPR'),
(32, 'THJ'),
(33, 'JYD'),
(34, 'RMM'),
(35, 'SAM'),
(36, 'IPM'),
(37, 'VES'),
(38, 'SAM');

-- --------------------------------------------------------

--
-- Struktur dari tabel `app_ta_matkul_kelas`
--

CREATE TABLE `app_ta_matkul_kelas` (
  `id` int(11) NOT NULL,
  `no_kelas_id` int(11) NOT NULL,
  `no_matkul_id` int(11) NOT NULL,
  `no_ta_id` int(11) NOT NULL
) ENGINE=InnoDB DEFAULT CHARSET=utf8mb4;

--
-- Dumping data untuk tabel `app_ta_matkul_kelas`
--

INSERT INTO `app_ta_matkul_kelas` (`id`, `no_kelas_id`, `no_matkul_id`, `no_ta_id`) VALUES
(38, 1, 129, 31),
(39, 1, 133, 18),
(40, 1, 133, 19),
(41, 1, 135, 22),
(42, 1, 137, 19),
(43, 1, 139, 20),
(44, 1, 139, 12),
(45, 1, 141, 4),
(46, 4, 129, 31),
(47, 4, 133, 18),
(48, 4, 133, 19),
(49, 4, 134, 22),
(50, 4, 137, 19),
(51, 4, 143, 10),
(52, 4, 139, 20),
(53, 4, 145, 12),
(54, 7, 148, 19),
(55, 7, 150, 5),
(56, 7, 152, 34),
(57, 7, 155, 18),
(58, 7, 157, 22),
(59, 7, 159, 4),
(60, 8, 150, 29),
(61, 8, 152, 35),
(62, 8, 155, 30),
(63, 8, 157, 22),
(64, 2, 161, 31),
(65, 2, 163, 23),
(66, 2, 165, 3),
(67, 2, 165, 9),
(68, 2, 167, 1),
(69, 2, 169, 7),
(70, 2, 171, 2),
(71, 2, 173, 20),
(72, 5, 163, 23),
(73, 5, 165, 3),
(74, 5, 165, 9),
(75, 5, 165, 10),
(76, 5, 161, 33),
(77, 5, 174, 3),
(78, 5, 177, 3),
(79, 5, 179, 3),
(80, 5, 181, 21),
(81, 9, 183, 3),
(82, 9, 183, 9),
(83, 9, 185, 34),
(84, 9, 187, 1),
(85, 9, 189, 7),
(86, 9, 191, 2),
(87, 9, 193, 8),
(88, 9, 195, 24),
(90, 3, 197, 32),
(91, 3, 199, 21),
(92, 3, 201, 7),
(93, 3, 203, 20),
(94, 3, 205, 1),
(95, 3, 206, 31),
(96, 3, 209, 8),
(97, 6, 197, 32),
(98, 6, 209, 8),
(99, 6, 213, 9),
(100, 6, 215, 9),
(101, 6, 217, 10),
(102, 6, 217, 3),
(103, 6, 219, 10),
(104, 6, 211, 36),
(105, 10, 221, 34),
(106, 10, 223, 6),
(107, 10, 225, 7),
(108, 10, 227, 2),
(109, 10, 229, 1),
(110, 10, 229, 5),
(111, 10, 231, 25),
(112, 10, 233, 26),
(113, 10, 235, 6),
(114, 11, 237, 2),
(115, 11, 239, 26),
(116, 11, 241, 27),
(117, 11, 243, 8),
(118, 11, 245, 11),
(119, 11, 247, 18),
(120, 11, 249, 37);

-- --------------------------------------------------------

--
-- Struktur dari tabel `auth_group`
--

CREATE TABLE `auth_group` (
  `id` int(11) NOT NULL,
  `name` varchar(150) NOT NULL
) ENGINE=InnoDB DEFAULT CHARSET=utf8mb4;

-- --------------------------------------------------------

--
-- Struktur dari tabel `auth_group_permissions`
--

CREATE TABLE `auth_group_permissions` (
  `id` int(11) NOT NULL,
  `group_id` int(11) NOT NULL,
  `permission_id` int(11) NOT NULL
) ENGINE=InnoDB DEFAULT CHARSET=utf8mb4;

-- --------------------------------------------------------

--
-- Struktur dari tabel `auth_permission`
--

CREATE TABLE `auth_permission` (
  `id` int(11) NOT NULL,
  `name` varchar(255) NOT NULL,
  `content_type_id` int(11) NOT NULL,
  `codename` varchar(100) NOT NULL
) ENGINE=InnoDB DEFAULT CHARSET=utf8mb4;

--
-- Dumping data untuk tabel `auth_permission`
--

INSERT INTO `auth_permission` (`id`, `name`, `content_type_id`, `codename`) VALUES
(1, 'Can add log entry', 1, 'add_logentry'),
(2, 'Can change log entry', 1, 'change_logentry'),
(3, 'Can delete log entry', 1, 'delete_logentry'),
(4, 'Can view log entry', 1, 'view_logentry'),
(5, 'Can add permission', 2, 'add_permission'),
(6, 'Can change permission', 2, 'change_permission'),
(7, 'Can delete permission', 2, 'delete_permission'),
(8, 'Can view permission', 2, 'view_permission'),
(9, 'Can add group', 3, 'add_group'),
(10, 'Can change group', 3, 'change_group'),
(11, 'Can delete group', 3, 'delete_group'),
(12, 'Can view group', 3, 'view_group'),
(13, 'Can add user', 4, 'add_user'),
(14, 'Can change user', 4, 'change_user'),
(15, 'Can delete user', 4, 'delete_user'),
(16, 'Can view user', 4, 'view_user'),
(17, 'Can add content type', 5, 'add_contenttype'),
(18, 'Can change content type', 5, 'change_contenttype'),
(19, 'Can delete content type', 5, 'delete_contenttype'),
(20, 'Can view content type', 5, 'view_contenttype'),
(21, 'Can add session', 6, 'add_session'),
(22, 'Can change session', 6, 'change_session'),
(23, 'Can delete session', 6, 'delete_session'),
(24, 'Can view session', 6, 'view_session'),
(25, 'Can add akun', 7, 'add_akun'),
(26, 'Can change akun', 7, 'change_akun'),
(27, 'Can delete akun', 7, 'delete_akun'),
(28, 'Can view akun', 7, 'view_akun'),
(29, 'Can add dosen', 8, 'add_dosen'),
(30, 'Can change dosen', 8, 'change_dosen'),
(31, 'Can delete dosen', 8, 'delete_dosen'),
(32, 'Can view dosen', 8, 'view_dosen'),
(33, 'Can add hari', 9, 'add_hari'),
(34, 'Can change hari', 9, 'change_hari'),
(35, 'Can delete hari', 9, 'delete_hari'),
(36, 'Can view hari', 9, 'view_hari'),
(37, 'Can add kategori', 10, 'add_kategori'),
(38, 'Can change kategori', 10, 'change_kategori'),
(39, 'Can delete kategori', 10, 'delete_kategori'),
(40, 'Can view kategori', 10, 'view_kategori'),
(41, 'Can add kelas', 11, 'add_kelas'),
(42, 'Can change kelas', 11, 'change_kelas'),
(43, 'Can delete kelas', 11, 'delete_kelas'),
(44, 'Can view kelas', 11, 'view_kelas'),
(45, 'Can add matkul', 12, 'add_matkul'),
(46, 'Can change matkul', 12, 'change_matkul'),
(47, 'Can delete matkul', 12, 'delete_matkul'),
(48, 'Can view matkul', 12, 'view_matkul'),
(49, 'Can add sesi', 13, 'add_sesi'),
(50, 'Can change sesi', 13, 'change_sesi'),
(51, 'Can delete sesi', 13, 'delete_sesi'),
(52, 'Can view sesi', 13, 'view_sesi'),
(53, 'Can add ta', 14, 'add_ta'),
(54, 'Can change ta', 14, 'change_ta'),
(55, 'Can delete ta', 14, 'delete_ta'),
(56, 'Can view ta', 14, 'view_ta'),
(57, 'Can add t a_ matkul_ kelas', 15, 'add_ta_matkul_kelas'),
(58, 'Can change t a_ matkul_ kelas', 15, 'change_ta_matkul_kelas'),
(59, 'Can delete t a_ matkul_ kelas', 15, 'delete_ta_matkul_kelas'),
(60, 'Can view t a_ matkul_ kelas', 15, 'view_ta_matkul_kelas'),
(61, 'Can add jadwal', 16, 'add_jadwal'),
(62, 'Can change jadwal', 16, 'change_jadwal'),
(63, 'Can delete jadwal', 16, 'delete_jadwal'),
(64, 'Can view jadwal', 16, 'view_jadwal'),
(65, 'Can add dosen_ matkul_ kelas', 17, 'add_dosen_matkul_kelas'),
(66, 'Can change dosen_ matkul_ kelas', 17, 'change_dosen_matkul_kelas'),
(67, 'Can delete dosen_ matkul_ kelas', 17, 'delete_dosen_matkul_kelas'),
(68, 'Can view dosen_ matkul_ kelas', 17, 'view_dosen_matkul_kelas');

-- --------------------------------------------------------

--
-- Struktur dari tabel `auth_user`
--

CREATE TABLE `auth_user` (
  `id` int(11) NOT NULL,
  `password` varchar(128) NOT NULL,
  `last_login` datetime(6) DEFAULT NULL,
  `is_superuser` tinyint(1) NOT NULL,
  `username` varchar(150) NOT NULL,
  `first_name` varchar(150) NOT NULL,
  `last_name` varchar(150) NOT NULL,
  `email` varchar(254) NOT NULL,
  `is_staff` tinyint(1) NOT NULL,
  `is_active` tinyint(1) NOT NULL,
  `date_joined` datetime(6) NOT NULL
) ENGINE=InnoDB DEFAULT CHARSET=utf8mb4;

--
-- Dumping data untuk tabel `auth_user`
--

INSERT INTO `auth_user` (`id`, `password`, `last_login`, `is_superuser`, `username`, `first_name`, `last_name`, `email`, `is_staff`, `is_active`, `date_joined`) VALUES
(1, 'pbkdf2_sha256$216000$ZnL8N8KdovJm$rbYL/rg/LCzaxVg3EjB7m7Wkw1jLiRthlNgWoLH5ENY=', '2021-04-09 16:31:47.955348', 1, 'admin', '', '', 'admin@gmail.com', 1, 1, '2021-04-09 16:31:36.403975');

-- --------------------------------------------------------

--
-- Struktur dari tabel `auth_user_groups`
--

CREATE TABLE `auth_user_groups` (
  `id` int(11) NOT NULL,
  `user_id` int(11) NOT NULL,
  `group_id` int(11) NOT NULL
) ENGINE=InnoDB DEFAULT CHARSET=utf8mb4;

-- --------------------------------------------------------

--
-- Struktur dari tabel `auth_user_user_permissions`
--

CREATE TABLE `auth_user_user_permissions` (
  `id` int(11) NOT NULL,
  `user_id` int(11) NOT NULL,
  `permission_id` int(11) NOT NULL
) ENGINE=InnoDB DEFAULT CHARSET=utf8mb4;

-- --------------------------------------------------------

--
-- Struktur dari tabel `django_admin_log`
--

CREATE TABLE `django_admin_log` (
  `id` int(11) NOT NULL,
  `action_time` datetime(6) NOT NULL,
  `object_id` longtext,
  `object_repr` varchar(200) NOT NULL,
  `action_flag` smallint(5) UNSIGNED NOT NULL,
  `change_message` longtext NOT NULL,
  `content_type_id` int(11) DEFAULT NULL,
  `user_id` int(11) NOT NULL
) ENGINE=InnoDB DEFAULT CHARSET=utf8mb4;

--
-- Dumping data untuk tabel `django_admin_log`
--

INSERT INTO `django_admin_log` (`id`, `action_time`, `object_id`, `object_repr`, `action_flag`, `change_message`, `content_type_id`, `user_id`) VALUES
(1, '2021-04-09 16:32:49.131688', '1', 'KU331101....INDIG', 1, '[{\"added\": {}}]', 12, 1),
(2, '2021-04-10 00:33:58.018126', '1', 'KU331101....ING I', 2, '[{\"changed\": {\"fields\": [\"Nama\", \"Sks\", \"Kategori\"]}}]', 12, 1),
(3, '2021-04-10 00:34:17.775808', '2', 'KU331101....ING I', 1, '[{\"added\": {}}]', 12, 1),
(4, '2021-04-10 00:34:42.227088', '3', 'TI31101....INDIG', 1, '[{\"added\": {}}]', 12, 1),
(5, '2021-04-10 00:41:20.724682', '4', 'KU31102....DELCHA', 1, '[{\"added\": {}}]', 12, 1),
(6, '2021-04-10 00:42:14.049685', '5', '1031101....DASPRO', 1, '[{\"added\": {}}]', 12, 1),
(7, '2021-04-10 00:42:36.371265', '6', '1031101....DASPRO', 1, '[{\"added\": {}}]', 12, 1),
(8, '2021-04-10 00:42:52.491985', '7', '1031101....DASPRO', 1, '[{\"added\": {}}]', 12, 1),
(9, '2021-04-10 00:43:49.258326', '8', '1031102....MATDIS', 1, '[{\"added\": {}}]', 12, 1),
(10, '2021-04-10 00:44:13.283650', '9', '1031102....MATDIS', 1, '[{\"added\": {}}]', 12, 1),
(11, '2021-04-10 00:46:44.245618', '5', '1031101....DASPRO', 3, '', 12, 1),
(12, '2021-04-10 00:47:32.222293', '10', '1031103....AOK', 1, '[{\"added\": {}}]', 12, 1),
(13, '2021-04-10 00:47:53.179999', '11', '1031103....AOK', 1, '[{\"added\": {}}]', 12, 1),
(14, '2021-04-10 00:48:10.188586', '12', '1131105....RPL', 1, '[{\"added\": {}}]', 12, 1),
(15, '2021-04-10 00:48:29.918949', '13', '1131105....AOK', 1, '[{\"added\": {}}]', 12, 1),
(16, '2021-04-10 00:48:49.671143', '14', '1131104....PSW I', 1, '[{\"added\": {}}]', 12, 1),
(17, '2021-04-10 00:49:29.501236', '15', '1131104....PSW I', 1, '[{\"added\": {}}]', 12, 1),
(18, '2021-04-10 00:52:09.151150', '16', '1031103....AOK', 1, '[{\"added\": {}}]', 12, 1),
(19, '2021-04-10 00:52:18.533800', '17', '1031103....AOK', 1, '[{\"added\": {}}]', 12, 1),
(20, '2021-04-10 00:52:44.245423', '18', 'KU41101....DELCHA', 1, '[{\"added\": {}}]', 12, 1),
(21, '2021-04-10 00:53:48.677433', '19', '1041103....AOK', 1, '[{\"added\": {}}]', 12, 1),
(22, '2021-04-10 00:54:17.566522', '20', '1041103....AOK', 1, '[{\"added\": {}}]', 12, 1),
(23, '2021-04-10 00:54:34.799050', '21', '1141104....PSW I', 1, '[{\"added\": {}}]', 12, 1),
(24, '2021-04-10 00:54:57.813105', '22', '1141104....PSW I', 1, '[{\"added\": {}}]', 12, 1),
(25, '2021-04-10 00:55:39.476107', '23', 'KU41102....ING I', 1, '[{\"added\": {}}]', 12, 1),
(26, '2021-04-10 00:56:05.809378', '24', 'KU41102....ING I', 1, '[{\"added\": {}}]', 12, 1),
(27, '2021-04-10 00:57:42.414663', '13', '1131105....AOK', 3, '', 12, 1),
(28, '2021-04-10 00:58:57.996548', '25', 'TI41101....INDIG', 1, '[{\"added\": {}}]', 12, 1),
(29, '2021-04-10 01:00:07.909428', '26', '1041101....DASPRO', 1, '[{\"added\": {}}]', 12, 1),
(30, '2021-04-10 01:00:25.042148', '27', '1041101....DASPRO', 1, '[{\"added\": {}}]', 12, 1),
(31, '2021-04-10 01:00:50.463065', '28', '1041102....MATDIS', 1, '[{\"added\": {}}]', 12, 1),
(32, '2021-04-10 01:01:14.446540', '29', '1041102....MATDIS', 1, '[{\"added\": {}}]', 12, 1),
(33, '2021-04-10 01:01:38.028718', '30', '1141105....PRPL', 1, '[{\"added\": {}}]', 12, 1),
(34, '2021-04-10 01:01:58.185062', '31', '1141105....PRPL', 1, '[{\"added\": {}}]', 12, 1),
(35, '2021-04-10 01:02:17.828093', '32', '1141105....PRPL', 1, '[{\"added\": {}}]', 12, 1),
(36, '2021-04-10 01:02:54.815881', '32', '1141105....PRPL', 3, '', 12, 1),
(37, '2021-04-10 01:04:20.649469', '33', 'KU32101....ING III', 1, '[{\"added\": {}}]', 12, 1),
(38, '2021-04-10 01:04:36.023703', '34', 'KU32101....ING III', 1, '[{\"added\": {}}]', 12, 1),
(39, '2021-04-10 01:04:53.783798', '35', 'MA32101....PROBSTAT', 1, '[{\"added\": {}}]', 12, 1),
(40, '2021-04-10 01:05:15.672973', '36', 'MA32101....PROBSTAT', 1, '[{\"added\": {}}]', 12, 1),
(41, '2021-04-10 01:05:31.772311', '37', '1032101....JARKOM', 1, '[{\"added\": {}}]', 12, 1),
(42, '2021-04-10 01:06:15.140982', '38', '1032101....JARKOM', 1, '[{\"added\": {}}]', 12, 1),
(43, '2021-04-10 01:06:35.814603', '39', '1132102....PBO', 1, '[{\"added\": {}}]', 12, 1),
(44, '2021-04-10 01:06:48.303749', '40', '1132102....PBO', 1, '[{\"added\": {}}]', 12, 1),
(45, '2021-04-10 01:08:35.015995', '41', '1132103....PAM', 1, '[{\"added\": {}}]', 12, 1),
(46, '2021-04-10 01:08:51.131161', '42', '1132103....PAM', 1, '[{\"added\": {}}]', 12, 1),
(47, '2021-04-10 01:09:06.646220', '43', '1132104....PAP', 1, '[{\"added\": {}}]', 12, 1),
(48, '2021-04-10 01:09:22.660033', '44', '1132104....PAP', 1, '[{\"added\": {}}]', 12, 1),
(49, '2021-04-10 01:10:03.787192', '45', '1132205....SBD', 1, '[{\"added\": {}}]', 12, 1),
(50, '2021-04-10 01:10:14.601481', '46', '1132205....SBD', 1, '[{\"added\": {}}]', 12, 1),
(51, '2021-04-10 01:10:37.253445', '47', 'MA32101....PROBSTAT', 1, '[{\"added\": {}}]', 12, 1),
(52, '2021-04-10 01:10:49.397238', '48', 'MA32101....PROBSTAT', 1, '[{\"added\": {}}]', 12, 1),
(53, '2021-04-10 01:11:12.427987', '49', '1332102....PROGSIS', 1, '[{\"added\": {}}]', 12, 1),
(54, '2021-04-10 01:11:36.194319', '50', '1332102....PROGSIS', 1, '[{\"added\": {}}]', 12, 1),
(55, '2021-04-10 01:11:54.397893', '51', '1332103....PAP', 1, '[{\"added\": {}}]', 12, 1),
(56, '2021-04-10 01:12:21.253800', '52', '1332103....PAP', 1, '[{\"added\": {}}]', 12, 1),
(57, '2021-04-10 01:25:56.910902', '53', '1332104....VIRKOM', 1, '[{\"added\": {}}]', 12, 1),
(58, '2021-04-10 01:26:18.429757', '54', '1332104....VIRKOM', 1, '[{\"added\": {}}]', 12, 1),
(59, '2021-04-10 01:26:39.467145', '55', '1332105....DE', 1, '[{\"added\": {}}]', 12, 1),
(60, '2021-04-10 01:27:00.590680', '56', '1332105....DE', 1, '[{\"added\": {}}]', 12, 1),
(61, '2021-04-10 01:27:20.574274', '57', '1042101....JARKOM', 1, '[{\"added\": {}}]', 12, 1),
(62, '2021-04-10 01:27:50.856908', '58', '1042101....JARKOM', 1, '[{\"added\": {}}]', 12, 1),
(63, '2021-04-10 01:28:07.595217', '59', 'KU42101....ING III', 1, '[{\"added\": {}}]', 12, 1),
(64, '2021-04-10 01:28:27.564591', '60', 'KU42101....ING III', 1, '[{\"added\": {}}]', 12, 1),
(65, '2021-04-10 01:28:46.198451', '61', '1042102....ALSRUDAT', 1, '[{\"added\": {}}]', 12, 1),
(66, '2021-04-10 01:29:18.630468', '62', '1042102....ALSRUDAT', 1, '[{\"added\": {}}]', 12, 1),
(67, '2021-04-10 01:30:55.788693', '63', '1142103....OOSD', 1, '[{\"added\": {}}]', 12, 1),
(68, '2021-04-10 01:31:04.587682', '64', '1142103....OOSD', 1, '[{\"added\": {}}]', 12, 1),
(69, '2021-04-10 01:31:23.939367', '65', '1142104....PAP', 1, '[{\"added\": {}}]', 12, 1),
(70, '2021-04-10 01:31:37.746477', '66', '1142104....PAP', 1, '[{\"added\": {}}]', 12, 1),
(71, '2021-04-10 01:31:54.694601', '67', '1142105....SBD', 1, '[{\"added\": {}}]', 12, 1),
(72, '2021-04-10 01:32:17.862143', '68', '1142105....SBD', 1, '[{\"added\": {}}]', 12, 1),
(73, '2021-04-10 01:32:41.335575', '69', '1142106....LOGIN', 1, '[{\"added\": {}}]', 12, 1),
(74, '2021-04-10 01:32:50.832039', '70', '1142106....LOGIN', 1, '[{\"added\": {}}]', 12, 1),
(75, '2021-04-10 01:33:13.686526', '71', 'KU33101....ING V', 1, '[{\"added\": {}}]', 12, 1),
(76, '2021-04-10 01:33:32.926694', '72', 'KU33101....ING V', 1, '[{\"added\": {}}]', 12, 1),
(77, '2021-04-10 01:33:47.931913', '73', '1033101....TEKCERTAN', 1, '[{\"added\": {}}]', 12, 1),
(78, '2021-04-10 01:34:08.726309', '74', '1033101....TEKCERTAN', 1, '[{\"added\": {}}]', 12, 1),
(79, '2021-04-10 01:36:11.669951', '75', '1133102....ALU', 1, '[{\"added\": {}}]', 12, 1),
(80, '2021-04-10 01:36:24.432754', '75', '1133102....ALU', 2, '[{\"changed\": {\"fields\": [\"Kategori\"]}}]', 12, 1),
(81, '2021-04-10 01:36:52.916820', '76', '1133102....ALU', 1, '[{\"added\": {}}]', 12, 1),
(82, '2021-04-10 01:37:22.230956', '77', '1133103....JAVA EE', 1, '[{\"added\": {}}]', 12, 1),
(83, '2021-04-10 01:37:45.287013', '78', '1133103....JAVA EE', 1, '[{\"added\": {}}]', 12, 1),
(84, '2021-04-10 01:38:27.803299', '79', '1133104....KEPAL', 1, '[{\"added\": {}}]', 12, 1),
(85, '2021-04-10 01:39:07.663716', '80', '1133104....KEPAL', 1, '[{\"added\": {}}]', 12, 1),
(86, '2021-04-10 01:39:26.514416', '81', '1133190....TA 1', 1, '[{\"added\": {}}]', 12, 1),
(87, '2021-04-10 01:39:46.769535', '82', '1133190....TA 1', 1, '[{\"added\": {}}]', 12, 1),
(88, '2021-04-10 01:40:08.290149', '83', 'TI33101....TEKNO', 1, '[{\"added\": {}}]', 12, 1),
(89, '2021-04-10 01:40:32.655521', '84', 'TI33101....TEKNO', 1, '[{\"added\": {}}]', 12, 1),
(90, '2021-04-10 01:40:55.247893', '85', '1333105....TA 1', 1, '[{\"added\": {}}]', 12, 1),
(91, '2021-04-10 01:41:49.213686', '86', '1333105....TA 1', 1, '[{\"added\": {}}]', 12, 1),
(92, '2021-04-10 01:42:42.220259', '87', '1333101....ADJAR', 1, '[{\"added\": {}}]', 12, 1),
(93, '2021-04-10 01:42:55.312810', '87', '1333101....ADJAR', 2, '[]', 12, 1),
(94, '2021-04-10 01:43:25.385815', '88', '1333101....ADJAR', 1, '[{\"added\": {}}]', 12, 1),
(95, '2021-04-10 01:43:42.392270', '89', '1333102....KAJAR', 1, '[{\"added\": {}}]', 12, 1),
(96, '2021-04-10 01:43:51.416158', '90', '1333102....KAJAR', 1, '[{\"added\": {}}]', 12, 1),
(97, '2021-04-10 01:44:07.038909', '91', '1333103....PIC', 1, '[{\"added\": {}}]', 12, 1),
(98, '2021-04-10 01:44:26.263188', '92', '1333103....PIC', 1, '[{\"added\": {}}]', 12, 1),
(99, '2021-04-10 01:44:40.783296', '93', '1333104....TEK IOT', 1, '[{\"added\": {}}]', 12, 1),
(100, '2021-04-10 01:44:56.438688', '94', '1333104....TEK IOT', 1, '[{\"added\": {}}]', 12, 1),
(101, '2021-04-10 01:45:14.504944', '95', '1333104....TEK IOT', 1, '[{\"added\": {}}]', 12, 1),
(102, '2021-04-10 01:45:31.569194', '94', '1333104....TEK IOT', 3, '', 12, 1),
(103, '2021-04-10 02:00:37.432177', '96', 'KU43101....INGV', 1, '[{\"added\": {}}]', 12, 1),
(104, '2021-04-10 02:00:58.913838', '97', 'KU43101....INGV', 1, '[{\"added\": {}}]', 12, 1),
(105, '2021-04-10 02:05:40.317673', '98', '1143101....PPL', 1, '[{\"added\": {}}]', 12, 1),
(106, '2021-04-10 02:06:01.635575', '99', '1143101....PPL', 1, '[{\"added\": {}}]', 12, 1),
(107, '2021-04-10 02:06:46.885366', '100', '1143102....ALU', 1, '[{\"added\": {}}]', 12, 1),
(108, '2021-04-10 02:07:30.911754', '101', '1143102....ALU', 1, '[{\"added\": {}}]', 12, 1),
(109, '2021-04-10 02:07:50.582095', '102', '1143103....KREN', 1, '[{\"added\": {}}]', 12, 1),
(110, '2021-04-10 02:08:07.323179', '103', '1143103....KREN', 1, '[{\"added\": {}}]', 12, 1),
(111, '2021-04-10 02:08:16.746899', '103', '1143103....KREN', 2, '[]', 12, 1),
(112, '2021-04-10 02:08:33.065798', '104', '1143104....KEPAL', 1, '[{\"added\": {}}]', 12, 1),
(113, '2021-04-10 02:08:44.924171', '105', '1143104....KEPAL', 1, '[{\"added\": {}}]', 12, 1),
(114, '2021-04-10 02:08:59.359723', '106', '1143105....AUTOMATA', 1, '[{\"added\": {}}]', 12, 1),
(115, '2021-04-10 02:09:14.686685', '107', '1143105....AUTOMATA', 1, '[{\"added\": {}}]', 12, 1),
(116, '2021-04-10 02:09:29.682557', '108', '1143105....AUTOMATA', 1, '[{\"added\": {}}]', 12, 1),
(117, '2021-04-10 02:09:37.352980', '107', '1143105....AUTOMATA', 3, '', 12, 1),
(118, '2021-04-10 02:09:48.372932', '108', '1143105....AUTOMATA', 2, '[]', 12, 1),
(119, '2021-04-10 02:10:02.381713', '109', '1143106....METPEN', 1, '[{\"added\": {}}]', 12, 1),
(120, '2021-04-10 02:10:11.564434', '110', '1143106....METPEN', 1, '[{\"added\": {}}]', 12, 1),
(121, '2021-04-10 02:10:26.828477', '111', '1143203....PM', 1, '[{\"added\": {}}]', 12, 1),
(122, '2021-04-10 02:10:36.343757', '112', '1143203....PM', 1, '[{\"added\": {}}]', 12, 1),
(123, '2021-04-10 02:11:13.260510', '113', 'TI44101....TEKNO', 1, '[{\"added\": {}}]', 12, 1),
(124, '2021-04-10 02:12:03.343511', '114', 'TI44101....TEKNO', 1, '[{\"added\": {}}]', 12, 1),
(125, '2021-04-10 02:12:12.483690', '114', 'TI44101....TEKNO', 2, '[]', 12, 1),
(126, '2021-04-10 02:12:49.337326', '115', '1144101....APPL', 1, '[{\"added\": {}}]', 12, 1),
(127, '2021-04-10 02:13:12.258272', '116', '1144101....APPL', 1, '[{\"added\": {}}]', 12, 1),
(128, '2021-04-10 02:13:27.855178', '117', '1144102....MANPRO', 1, '[{\"added\": {}}]', 12, 1),
(129, '2021-04-10 02:13:47.024595', '118', '1144102....MANPRO', 1, '[{\"added\": {}}]', 12, 1),
(130, '2021-04-10 02:14:35.620928', '119', '1144103....KUPEL', 1, '[{\"added\": {}}]', 12, 1),
(131, '2021-04-10 02:14:50.139866', '120', '1144103....KUPEL', 1, '[{\"added\": {}}]', 12, 1),
(132, '2021-04-10 02:15:09.019964', '121', '1144104....RPL', 1, '[{\"added\": {}}]', 12, 1),
(133, '2021-04-10 02:15:26.222198', '122', '1144104....RPL', 1, '[{\"added\": {}}]', 12, 1),
(134, '2021-04-10 02:15:51.886942', '123', '1144105....CERTAN', 1, '[{\"added\": {}}]', 12, 1),
(135, '2021-04-10 02:16:08.280093', '124', '1144105....CERTAN', 1, '[{\"added\": {}}]', 12, 1),
(136, '2021-04-10 02:16:20.511887', '125', '1144190....TA 1', 1, '[{\"added\": {}}]', 12, 1),
(137, '2021-04-10 02:16:38.853182', '126', '1144190....TA 1', 1, '[{\"added\": {}}]', 12, 1),
(138, '2021-04-10 03:01:16.864317', '2', 'ACB....KU31102....DELCHA', 1, '[{\"added\": {}}]', 17, 1),
(139, '2021-04-10 03:01:23.733467', '3', 'ACB....KU31102....DELCHA', 1, '[{\"added\": {}}]', 17, 1),
(140, '2021-04-10 03:02:09.472106', '2', 'ACB....KU31102....DELCHA', 3, '', 17, 1),
(141, '2021-04-10 03:02:12.525691', '3', 'ACB....KU31102....DELCHA', 3, '', 17, 1),
(142, '2021-04-10 03:18:27.962065', '4', 'ACB....KU31102....DELCHA', 1, '[{\"added\": {}}]', 17, 1),
(143, '2021-04-10 03:19:17.863599', '4', 'ACB....KU31102....DELCHA', 3, '', 17, 1),
(144, '2021-04-12 12:14:37.606546', '1', 'MPR....KU331101....ING I', 1, '[{\"added\": {}}]', 17, 1),
(145, '2021-04-12 12:17:25.481816', '2', 'MPR....KU331101....ING I', 1, '[{\"added\": {}}]', 17, 1),
(146, '2021-04-12 12:18:05.722633', '3', 'TLG....TI31101....INDIG', 1, '[{\"added\": {}}]', 17, 1),
(147, '2021-04-12 12:19:05.217498', '4', 'TMP....1031101....DASPRO', 1, '[{\"added\": {}}]', 17, 1),
(148, '2021-04-12 12:20:36.332395', '5', 'SML....1031102....MATDIS', 1, '[{\"added\": {}}]', 17, 1),
(149, '2021-04-12 12:21:30.548781', '6', 'SML....1031102....MATDIS', 1, '[{\"added\": {}}]', 17, 1),
(150, '2021-04-12 12:22:31.182114', '7', 'IPM....1031103....AOK', 1, '[{\"added\": {}}]', 17, 1),
(151, '2021-04-12 12:22:47.614395', '8', 'PDS....1031103....AOK', 1, '[{\"added\": {}}]', 17, 1),
(152, '2021-04-12 12:23:23.144972', '9', 'HER....1131105....RPL', 1, '[{\"added\": {}}]', 17, 1),
(153, '2021-04-12 12:23:59.593612', '10', 'TNT....1131104....PSW I', 1, '[{\"added\": {}}]', 17, 1),
(154, '2021-04-12 12:24:34.025614', '11', 'ACB....KU31102....DELCHA', 1, '[{\"added\": {}}]', 17, 1),
(155, '2021-04-12 12:25:05.831622', '12', 'THJ....KU31102....DELCHA', 1, '[{\"added\": {}}]', 17, 1),
(156, '2021-04-12 12:25:31.734262', '13', 'ANM....KU31102....DELCHA', 1, '[{\"added\": {}}]', 17, 1),
(157, '2021-04-12 12:34:21.550957', '13', 'PHI', 1, '[{\"added\": {}}]', 14, 1),
(158, '2021-04-12 12:34:28.357118', '14', 'ARH', 1, '[{\"added\": {}}]', 14, 1),
(159, '2021-04-12 12:34:33.549270', '15', 'VKS', 1, '[{\"added\": {}}]', 14, 1),
(160, '2021-04-12 12:34:36.729269', '16', 'SEP', 1, '[{\"added\": {}}]', 14, 1),
(161, '2021-04-12 12:34:48.511263', '16', 'SEP', 3, '', 14, 1),
(162, '2021-04-12 12:35:41.744558', '13', 'PHI', 3, '', 14, 1),
(163, '2021-04-12 12:35:45.060897', '14', 'ARH', 3, '', 14, 1),
(164, '2021-04-12 12:35:47.394180', '15', 'VKS', 3, '', 14, 1),
(165, '2021-04-12 12:36:27.676888', '17', 'MAHASISWA', 1, '[{\"added\": {}}]', 14, 1),
(166, '2021-04-12 12:40:27.687492', '18', 'PHI', 1, '[{\"added\": {}}]', 14, 1),
(167, '2021-04-12 12:40:30.794772', '19', 'ARH', 1, '[{\"added\": {}}]', 14, 1),
(168, '2021-04-12 12:40:36.670482', '20', 'VKS', 1, '[{\"added\": {}}]', 14, 1),
(169, '2021-04-12 12:40:46.594506', '17', 'MAHASISWA', 3, '', 14, 1),
(170, '2021-04-12 12:41:18.289037', '1', 'PHI....1031101....DASPRO', 1, '[{\"added\": {}}]', 15, 1),
(171, '2021-04-12 12:41:42.554880', '2', 'ARH....1031101....DASPRO', 1, '[{\"added\": {}}]', 15, 1),
(172, '2021-04-12 12:42:14.433184', '3', 'ARH....1031103....AOK', 1, '[{\"added\": {}}]', 15, 1),
(173, '2021-04-12 12:45:53.495962', '127', '1131105....RPL', 1, '[{\"added\": {}}]', 12, 1),
(174, '2021-04-12 12:47:00.251470', '4', 'VKS....1131105....RPL', 1, '[{\"added\": {}}]', 15, 1),
(175, '2021-04-12 12:47:27.332443', '5', 'DES....1131105....RPL', 1, '[{\"added\": {}}]', 15, 1),
(176, '2021-04-12 12:47:44.386317', '6', 'SEP....1131104....PSW I', 1, '[{\"added\": {}}]', 15, 1),
(177, '2021-04-12 12:49:24.437181', '14', 'MPR....KU32101....ING III', 1, '[{\"added\": {}}]', 17, 1),
(178, '2021-04-12 12:49:54.225507', '15', 'MPR....KU32101....ING III', 1, '[{\"added\": {}}]', 17, 1),
(179, '2021-04-12 12:50:22.456887', '16', 'IFY....MA32101....PROBSTAT', 1, '[{\"added\": {}}]', 17, 1),
(180, '2021-04-12 12:50:47.608085', '17', 'IFY....MA32101....PROBSTAT', 1, '[{\"added\": {}}]', 17, 1),
(181, '2021-04-12 12:52:14.587484', '18', 'ESS....1032101....JARKOM', 1, '[{\"added\": {}}]', 17, 1),
(182, '2021-04-12 12:53:11.963166', '19', 'GIW....1032101....JARKOM', 1, '[{\"added\": {}}]', 17, 1),
(183, '2021-04-12 12:55:38.159661', '20', 'TMP....1132102....PBO', 1, '[{\"added\": {}}]', 17, 1),
(184, '2021-04-12 12:56:41.346108', '21', 'RDT....1132103....PAM', 1, '[{\"added\": {}}]', 17, 1),
(185, '2021-04-12 12:57:08.698436', '22', 'GHP....1132103....PAM', 1, '[{\"added\": {}}]', 17, 1),
(186, '2021-04-12 12:57:55.143176', '23', 'IUS....1132104....PAP', 1, '[{\"added\": {}}]', 17, 1),
(187, '2021-04-12 12:58:20.991272', '24', 'GHP....1132104....PAP', 1, '[{\"added\": {}}]', 17, 1),
(188, '2021-04-12 12:59:10.978785', '25', 'VES....1132205....SBD', 1, '[{\"added\": {}}]', 17, 1),
(189, '2021-04-12 13:00:29.755819', '7', 'JAP....1032101....JARKOM', 1, '[{\"added\": {}}]', 15, 1),
(190, '2021-04-12 13:00:55.090065', '8', 'FST....1032101....JARKOM', 1, '[{\"added\": {}}]', 15, 1),
(191, '2021-04-12 13:02:00.375193', '9', 'AKH....1132102....PBO', 1, '[{\"added\": {}}]', 15, 1),
(192, '2021-04-12 13:02:31.669930', '10', 'JNM....1132103....PAM', 1, '[{\"added\": {}}]', 15, 1),
(193, '2021-04-12 13:03:28.282590', '11', 'CDN....1132104....PAP', 1, '[{\"added\": {}}]', 15, 1),
(194, '2021-04-12 13:04:06.654709', '12', 'VKS....1132205....SBD', 1, '[{\"added\": {}}]', 15, 1),
(195, '2021-04-12 13:07:21.689284', '1', 'KU31101....ING I', 2, '[{\"changed\": {\"fields\": [\"Kode\"]}}]', 12, 1),
(196, '2021-04-12 13:07:36.711319', '2', 'KU31101....ING I', 2, '[{\"changed\": {\"fields\": [\"Kode\"]}}]', 12, 1),
(197, '2021-04-12 13:07:42.843915', '2', 'KU31101....ING I', 2, '[]', 12, 1),
(198, '2021-04-12 13:07:46.229995', '1', 'KU31101....ING I', 2, '[]', 12, 1),
(199, '2021-04-12 13:09:10.250866', '26', 'THJ....KU33101....ING V', 1, '[{\"added\": {}}]', 17, 1),
(200, '2021-04-12 13:09:37.091684', '27', 'THJ....KU33101....ING V', 1, '[{\"added\": {}}]', 17, 1),
(201, '2021-04-12 13:10:36.910471', '28', 'YHP....1033101....TEKCERTAN', 1, '[{\"added\": {}}]', 17, 1),
(202, '2021-04-12 13:11:36.094119', '29', 'GHP....1033101....TEKCERTAN', 1, '[{\"added\": {}}]', 17, 1),
(203, '2021-04-12 13:14:26.668983', '30', 'YHP....1133102....ALU', 1, '[{\"added\": {}}]', 17, 1),
(204, '2021-04-12 13:15:11.389177', '31', 'TMP....1133103....JAVA EE', 1, '[{\"added\": {}}]', 17, 1),
(205, '2021-04-12 13:16:11.386126', '32', 'GHP....1133103....JAVA EE', 1, '[{\"added\": {}}]', 17, 1),
(206, '2021-04-12 13:16:48.946458', '33', 'TNT....1133104....KEPAL', 1, '[{\"added\": {}}]', 17, 1),
(207, '2021-04-12 13:18:12.562984', '34', 'MPR....1133190....TA 1', 1, '[{\"added\": {}}]', 17, 1),
(208, '2021-04-12 13:19:40.895280', '35', 'MPR....1133190....TA 1', 1, '[{\"added\": {}}]', 17, 1),
(209, '2021-04-12 13:20:36.653259', '36', 'WES....TI33101....TEKNO', 1, '[{\"added\": {}}]', 17, 1),
(210, '2021-04-12 13:21:46.135799', '21', 'WON', 1, '[{\"added\": {}}]', 14, 1),
(211, '2021-04-12 13:25:15.666561', '2', 'MPR....KU31101....ING I', 3, '', 17, 1),
(212, '2021-04-12 13:25:22.630089', '6', 'SML....1031102....MATDIS', 3, '', 17, 1),
(213, '2021-04-12 13:27:42.158547', '35', 'ISW', 1, '[{\"added\": {}}]', 8, 1),
(214, '2021-04-12 13:28:51.587324', '26', 'SAM', 3, '', 8, 1),
(215, '2021-04-12 13:31:14.048339', '36', 'YAG', 1, '[{\"added\": {}}]', 8, 1),
(216, '2021-04-12 13:31:43.208316', '7', 'DB', 3, '', 8, 1),
(217, '2021-04-12 13:34:20.906066', '1', 'MPR....KU31101....ING I', 3, '', 17, 1),
(218, '2021-04-12 13:34:42.638248', '36', 'WES....TI33101....TEKNO', 3, '', 17, 1),
(219, '2021-04-12 13:34:42.642265', '35', 'MPR....1133190....TA 1', 3, '', 17, 1),
(220, '2021-04-12 13:34:42.644255', '34', 'MPR....1133190....TA 1', 3, '', 17, 1),
(221, '2021-04-12 13:34:42.646251', '33', 'TNT....1133104....KEPAL', 3, '', 17, 1),
(222, '2021-04-12 13:34:42.648250', '32', 'GHP....1133103....JAVA EE', 3, '', 17, 1),
(223, '2021-04-12 13:34:42.651237', '31', 'TMP....1133103....JAVA EE', 3, '', 17, 1),
(224, '2021-04-12 13:34:42.653234', '30', 'YHP....1133102....ALU', 3, '', 17, 1),
(225, '2021-04-12 13:34:42.655202', '29', 'GHP....1033101....TEKCERTAN', 3, '', 17, 1),
(226, '2021-04-12 13:34:42.656235', '28', 'YHP....1033101....TEKCERTAN', 3, '', 17, 1),
(227, '2021-04-12 13:34:42.661221', '27', 'THJ....KU33101....ING V', 3, '', 17, 1),
(228, '2021-04-12 13:34:42.663182', '26', 'THJ....KU33101....ING V', 3, '', 17, 1),
(229, '2021-04-12 13:34:42.665213', '25', 'VES....1132205....SBD', 3, '', 17, 1),
(230, '2021-04-12 13:34:42.667203', '24', 'GHP....1132104....PAP', 3, '', 17, 1),
(231, '2021-04-12 13:34:42.669201', '23', 'IUS....1132104....PAP', 3, '', 17, 1),
(232, '2021-04-12 13:34:42.671160', '22', 'GHP....1132103....PAM', 3, '', 17, 1),
(233, '2021-04-12 13:34:42.672193', '21', 'RDT....1132103....PAM', 3, '', 17, 1),
(234, '2021-04-12 13:34:42.674189', '20', 'TMP....1132102....PBO', 3, '', 17, 1),
(235, '2021-04-12 13:34:42.676179', '19', 'GIW....1032101....JARKOM', 3, '', 17, 1),
(236, '2021-04-12 13:34:42.678175', '18', 'ESS....1032101....JARKOM', 3, '', 17, 1),
(237, '2021-04-12 13:34:42.680172', '17', 'IFY....MA32101....PROBSTAT', 3, '', 17, 1),
(238, '2021-04-12 13:34:42.682132', '16', 'IFY....MA32101....PROBSTAT', 3, '', 17, 1),
(239, '2021-04-12 13:34:42.684150', '15', 'MPR....KU32101....ING III', 3, '', 17, 1),
(240, '2021-04-12 13:34:42.686144', '14', 'MPR....KU32101....ING III', 3, '', 17, 1),
(241, '2021-04-12 13:34:42.688151', '13', 'ANM....KU31102....DELCHA', 3, '', 17, 1),
(242, '2021-04-12 13:34:42.690144', '12', 'THJ....KU31102....DELCHA', 3, '', 17, 1),
(243, '2021-04-12 13:34:42.692137', '11', 'ACB....KU31102....DELCHA', 3, '', 17, 1),
(244, '2021-04-12 13:34:42.694132', '10', 'TNT....1131104....PSW I', 3, '', 17, 1),
(245, '2021-04-12 13:34:42.695095', '9', 'HER....1131105....RPL', 3, '', 17, 1),
(246, '2021-04-12 13:34:42.697101', '8', 'PDS....1031103....AOK', 3, '', 17, 1),
(247, '2021-04-12 13:34:42.700120', '7', 'IPM....1031103....AOK', 3, '', 17, 1),
(248, '2021-04-12 13:34:42.702111', '5', 'SML....1031102....MATDIS', 3, '', 17, 1),
(249, '2021-04-12 13:34:42.704108', '4', 'TMP....1031101....DASPRO', 3, '', 17, 1),
(250, '2021-04-12 13:34:42.706101', '3', 'TLG....TI31101....INDIG', 3, '', 17, 1),
(251, '2021-04-12 13:34:56.454091', '12', 'VKS....1132205....SBD', 3, '', 15, 1),
(252, '2021-04-12 13:34:56.458952', '11', 'CDN....1132104....PAP', 3, '', 15, 1),
(253, '2021-04-12 13:34:56.460950', '10', 'JNM....1132103....PAM', 3, '', 15, 1),
(254, '2021-04-12 13:34:56.466166', '9', 'AKH....1132102....PBO', 3, '', 15, 1),
(255, '2021-04-12 13:34:56.468016', '8', 'FST....1032101....JARKOM', 3, '', 15, 1),
(256, '2021-04-12 13:34:56.470016', '7', 'JAP....1032101....JARKOM', 3, '', 15, 1),
(257, '2021-04-12 13:34:56.472005', '6', 'SEP....1131104....PSW I', 3, '', 15, 1),
(258, '2021-04-12 13:34:56.474002', '5', 'DES....1131105....RPL', 3, '', 15, 1),
(259, '2021-04-12 13:34:56.475995', '4', 'VKS....1131105....RPL', 3, '', 15, 1),
(260, '2021-04-12 13:34:56.477858', '3', 'ARH....1031103....AOK', 3, '', 15, 1),
(261, '2021-04-12 13:34:56.478976', '2', 'ARH....1031101....DASPRO', 3, '', 15, 1),
(262, '2021-04-12 13:34:56.481191', '1', 'PHI....1031101....DASPRO', 3, '', 15, 1),
(263, '2021-04-12 13:36:10.422272', '37', 'MPR....KU31101....ING I', 1, '[{\"added\": {}}]', 17, 1),
(264, '2021-04-12 13:40:08.492559', '38', 'TLG....TI31101....INDIG', 1, '[{\"added\": {}}]', 17, 1),
(265, '2021-04-12 13:40:49.241010', '39', 'TMP....1031101....DASPRO', 1, '[{\"added\": {}}]', 17, 1),
(266, '2021-04-12 13:41:34.868429', '13', 'PHI....1031101....DASPRO', 1, '[{\"added\": {}}]', 15, 1),
(267, '2021-04-12 13:41:53.123824', '13', 'PHI....1031101....DASPRO', 3, '', 15, 1),
(268, '2021-04-12 13:43:14.072677', '22', 'MH1', 1, '[{\"added\": {}}]', 14, 1),
(269, '2021-04-12 13:43:48.301626', '14', 'MH1....KU31101....ING I', 1, '[{\"added\": {}}]', 15, 1),
(270, '2021-04-12 13:44:23.484952', '15', 'PHI....1031101....DASPRO', 1, '[{\"added\": {}}]', 15, 1),
(271, '2021-04-12 13:44:38.879832', '16', 'ARH....1031101....DASPRO', 1, '[{\"added\": {}}]', 15, 1),
(272, '2021-04-12 13:45:06.277773', '40', 'SML....1031102....MATDIS', 1, '[{\"added\": {}}]', 17, 1),
(273, '2021-04-12 13:45:19.592103', '23', 'MH2', 1, '[{\"added\": {}}]', 14, 1),
(274, '2021-04-12 13:46:51.296453', '17', 'MH2....1031102....MATDIS', 1, '[{\"added\": {}}]', 15, 1),
(275, '2021-04-12 13:52:22.343858', '41', 'IPM....1031103....AOK', 1, '[{\"added\": {}}]', 17, 1),
(276, '2021-04-12 13:52:37.969850', '42', 'PDS....1031103....AOK', 1, '[{\"added\": {}}]', 17, 1),
(277, '2021-04-12 13:53:27.728465', '18', 'ARH....1031103....AOK', 1, '[{\"added\": {}}]', 15, 1),
(278, '2021-04-12 13:54:08.630388', '19', 'VKS....1131105....RPL', 1, '[{\"added\": {}}]', 15, 1),
(279, '2021-04-12 13:54:55.950001', '20', 'DES....1131105....RPL', 1, '[{\"added\": {}}]', 15, 1),
(280, '2021-04-12 13:55:35.538500', '21', 'SEP....1131104....PSW I', 1, '[{\"added\": {}}]', 15, 1),
(281, '2021-04-12 13:56:28.196680', '43', 'HER....1131105....RPL', 1, '[{\"added\": {}}]', 17, 1),
(282, '2021-04-12 13:57:00.944220', '44', 'TNT....1131104....PSW I', 1, '[{\"added\": {}}]', 17, 1),
(283, '2021-04-12 13:57:30.775268', '45', 'ACB....KU31102....DELCHA', 1, '[{\"added\": {}}]', 17, 1),
(284, '2021-04-12 13:57:43.051938', '46', 'THJ....KU31102....DELCHA', 1, '[{\"added\": {}}]', 17, 1),
(285, '2021-04-12 13:57:54.780591', '47', 'ANM....KU31102....DELCHA', 1, '[{\"added\": {}}]', 17, 1),
(286, '2021-04-12 13:58:25.079632', '48', 'ISW....KU31102....DELCHA', 1, '[{\"added\": {}}]', 17, 1),
(287, '2021-04-12 14:00:40.801851', '49', 'MPR....KU32101....ING III', 1, '[{\"added\": {}}]', 17, 1),
(288, '2021-04-12 14:02:18.601448', '50', 'IFY....MA32101....PROBSTAT', 1, '[{\"added\": {}}]', 17, 1),
(289, '2021-04-12 14:03:02.356250', '51', 'ESS....1032101....JARKOM', 1, '[{\"added\": {}}]', 17, 1),
(290, '2021-04-12 14:03:53.777293', '52', 'GIW....1032101....JARKOM', 1, '[{\"added\": {}}]', 17, 1),
(291, '2021-04-12 14:04:36.177005', '53', 'TMP....1132102....PBO', 1, '[{\"added\": {}}]', 17, 1),
(292, '2021-04-12 14:05:41.594417', '54', 'RDT....1132103....PAM', 1, '[{\"added\": {}}]', 17, 1),
(293, '2021-04-12 14:06:20.780503', '55', 'GHP....1132103....PAM', 1, '[{\"added\": {}}]', 17, 1),
(294, '2021-04-12 14:06:48.536344', '56', 'IUS....1132104....PAP', 1, '[{\"added\": {}}]', 17, 1),
(295, '2021-04-12 14:07:15.641791', '57', 'GHP....1132104....PAP', 1, '[{\"added\": {}}]', 17, 1),
(296, '2021-04-12 14:07:52.377176', '58', 'VES....1132205....SBD', 1, '[{\"added\": {}}]', 17, 1),
(297, '2021-04-12 14:50:15.998311', '24', 'MH3', 1, '[{\"added\": {}}]', 14, 1),
(298, '2021-04-12 14:50:18.916480', '25', 'MH4', 1, '[{\"added\": {}}]', 14, 1),
(299, '2021-04-12 14:51:25.931411', '22', 'MH3....KU32101....ING III', 1, '[{\"added\": {}}]', 15, 1),
(300, '2021-04-12 14:52:16.277928', '23', 'MH4....MA32101....PROBSTAT', 1, '[{\"added\": {}}]', 15, 1),
(301, '2021-04-12 14:53:26.373090', '24', 'JAP....1032101....JARKOM', 1, '[{\"added\": {}}]', 15, 1),
(302, '2021-04-12 14:53:54.604426', '25', 'FST....1032101....JARKOM', 1, '[{\"added\": {}}]', 15, 1),
(303, '2021-04-12 14:54:44.443328', '26', 'AKH....1132102....PBO', 1, '[{\"added\": {}}]', 15, 1),
(304, '2021-04-12 14:55:26.175244', '27', 'JNM....1132103....PAM', 1, '[{\"added\": {}}]', 15, 1),
(305, '2021-04-12 14:56:46.311638', '28', 'CDN....1132104....PAP', 1, '[{\"added\": {}}]', 15, 1),
(306, '2021-04-12 14:57:22.385304', '29', 'VKS....1132205....SBD', 1, '[{\"added\": {}}]', 15, 1),
(307, '2021-04-12 14:59:51.581483', '26', 'MH5', 1, '[{\"added\": {}}]', 14, 1),
(308, '2021-04-12 14:59:54.756907', '27', 'MH6', 1, '[{\"added\": {}}]', 14, 1),
(309, '2021-04-12 15:00:53.084400', '59', 'THJ....KU33101....ING V', 1, '[{\"added\": {}}]', 17, 1),
(310, '2021-04-12 15:01:19.462804', '60', 'YHP....1033101....TEKCERTAN', 1, '[{\"added\": {}}]', 17, 1),
(311, '2021-04-12 15:01:43.539188', '61', 'GHP....1033101....TEKCERTAN', 1, '[{\"added\": {}}]', 17, 1),
(312, '2021-04-12 15:02:45.661396', '62', 'YHP....1133102....ALU', 1, '[{\"added\": {}}]', 17, 1),
(313, '2021-04-12 15:03:52.253509', '63', 'TMP....1133103....JAVA EE', 1, '[{\"added\": {}}]', 17, 1),
(314, '2021-04-12 15:04:11.391409', '64', 'GHP....1133103....JAVA EE', 1, '[{\"added\": {}}]', 17, 1),
(315, '2021-04-12 15:04:52.617734', '65', 'TNT....1133104....KEPAL', 1, '[{\"added\": {}}]', 17, 1),
(316, '2021-04-12 15:05:44.949286', '66', 'MPR....1133190....TA 1', 1, '[{\"added\": {}}]', 17, 1),
(317, '2021-04-12 15:06:28.238573', '67', 'WES....TI33101....TEKNO', 1, '[{\"added\": {}}]', 17, 1),
(318, '2021-04-12 15:10:07.302860', '30', 'MH5....KU33101....ING V', 1, '[{\"added\": {}}]', 15, 1),
(319, '2021-04-12 15:11:13.156036', '31', 'WON....1033101....TEKCERTAN', 1, '[{\"added\": {}}]', 15, 1),
(320, '2021-04-12 15:12:15.604598', '32', 'JNM....1133102....ALU', 1, '[{\"added\": {}}]', 15, 1),
(321, '2021-04-12 15:13:04.998675', '33', 'VKS....1133103....JAVA EE', 1, '[{\"added\": {}}]', 15, 1),
(322, '2021-04-12 15:13:44.980433', '34', 'AKH....1133104....KEPAL', 1, '[{\"added\": {}}]', 15, 1),
(323, '2021-04-12 15:14:42.278647', '35', 'SRT....1133104....KEPAL', 1, '[{\"added\": {}}]', 15, 1),
(324, '2021-04-12 15:15:15.719092', '36', 'MH6....1133190....TA 1', 1, '[{\"added\": {}}]', 15, 1),
(325, '2021-04-12 15:15:47.721066', '37', 'RDS....TI33101....TEKNO', 1, '[{\"added\": {}}]', 15, 1),
(326, '2021-04-12 15:40:51.025227', '68', 'MPR....KU31101....ING I', 1, '[{\"added\": {}}]', 17, 1),
(327, '2021-04-12 15:41:15.023100', '69', 'ACB....KU31102....DELCHA', 1, '[{\"added\": {}}]', 17, 1),
(328, '2021-04-12 15:41:44.785882', '70', 'ANM....KU31102....DELCHA', 1, '[{\"added\": {}}]', 17, 1),
(329, '2021-04-12 15:41:59.359110', '71', 'THJ....KU31102....DELCHA', 1, '[{\"added\": {}}]', 17, 1),
(330, '2021-04-12 15:42:40.330205', '72', 'ISW....KU41101....DELCHA', 1, '[{\"added\": {}}]', 17, 1),
(331, '2021-04-12 15:43:36.136051', '73', 'TMP....1031101....DASPRO', 1, '[{\"added\": {}}]', 17, 1),
(332, '2021-04-12 15:44:15.638653', '74', 'SML....1031101....DASPRO', 1, '[{\"added\": {}}]', 17, 1),
(333, '2021-04-12 15:45:11.607216', '75', 'IPM....1031103....AOK', 1, '[{\"added\": {}}]', 17, 1),
(334, '2021-04-12 15:45:40.931860', '76', 'PDS....1031103....AOK', 1, '[{\"added\": {}}]', 17, 1),
(335, '2021-04-12 15:46:24.330868', '77', 'ESS....TI31101....INDIG', 1, '[{\"added\": {}}]', 17, 1),
(336, '2021-04-12 15:46:42.681296', '78', 'AZP....TI31101....INDIG', 1, '[{\"added\": {}}]', 17, 1),
(337, '2021-04-12 15:49:49.432536', '79', 'HER....1131104....PSW I', 1, '[{\"added\": {}}]', 17, 1),
(338, '2021-04-13 01:19:19.892293', '79', 'HER....1131104....PSW I', 3, '', 17, 1),
(339, '2021-04-13 01:21:56.241040', '127', '1131105....RPL', 3, '', 12, 1),
(340, '2021-04-13 01:21:56.248021', '126', '1144190....TA 1', 3, '', 12, 1),
(341, '2021-04-13 01:21:56.252045', '125', '1144190....TA 1', 3, '', 12, 1),
(342, '2021-04-13 01:21:56.256035', '124', '1144105....CERTAN', 3, '', 12, 1),
(343, '2021-04-13 01:21:56.260988', '123', '1144105....CERTAN', 3, '', 12, 1),
(344, '2021-04-13 01:21:56.265009', '122', '1144104....RPL', 3, '', 12, 1),
(345, '2021-04-13 01:21:56.268999', '121', '1144104....RPL', 3, '', 12, 1),
(346, '2021-04-13 01:21:56.272989', '120', '1144103....KUPEL', 3, '', 12, 1),
(347, '2021-04-13 01:21:56.275946', '119', '1144103....KUPEL', 3, '', 12, 1),
(348, '2021-04-13 01:21:56.280933', '118', '1144102....MANPRO', 3, '', 12, 1),
(349, '2021-04-13 01:21:56.284923', '117', '1144102....MANPRO', 3, '', 12, 1),
(350, '2021-04-13 01:21:56.287949', '116', '1144101....APPL', 3, '', 12, 1),
(351, '2021-04-13 01:21:56.291923', '115', '1144101....APPL', 3, '', 12, 1),
(352, '2021-04-13 01:21:56.295892', '114', 'TI44101....TEKNO', 3, '', 12, 1),
(353, '2021-04-13 01:21:56.300880', '113', 'TI44101....TEKNO', 3, '', 12, 1),
(354, '2021-04-13 01:21:56.306864', '112', '1143203....PM', 3, '', 12, 1),
(355, '2021-04-13 01:21:56.320860', '111', '1143203....PM', 3, '', 12, 1),
(356, '2021-04-13 01:21:56.324816', '110', '1143106....METPEN', 3, '', 12, 1),
(357, '2021-04-13 01:21:56.329848', '109', '1143106....METPEN', 3, '', 12, 1),
(358, '2021-04-13 01:21:56.333700', '108', '1143105....AUTOMATA', 3, '', 12, 1),
(359, '2021-04-13 01:21:56.336971', '106', '1143105....AUTOMATA', 3, '', 12, 1),
(360, '2021-04-13 01:21:56.341960', '105', '1143104....KEPAL', 3, '', 12, 1),
(361, '2021-04-13 01:21:56.346478', '104', '1143104....KEPAL', 3, '', 12, 1),
(362, '2021-04-13 01:21:56.360507', '103', '1143103....KREN', 3, '', 12, 1),
(363, '2021-04-13 01:21:56.364474', '102', '1143103....KREN', 3, '', 12, 1),
(364, '2021-04-13 01:21:56.368789', '101', '1143102....ALU', 3, '', 12, 1),
(365, '2021-04-13 01:21:56.373008', '100', '1143102....ALU', 3, '', 12, 1),
(366, '2021-04-13 01:21:56.376384', '99', '1143101....PPL', 3, '', 12, 1),
(367, '2021-04-13 01:21:56.379911', '98', '1143101....PPL', 3, '', 12, 1),
(368, '2021-04-13 01:21:56.385858', '97', 'KU43101....INGV', 3, '', 12, 1),
(369, '2021-04-13 01:21:56.390839', '96', 'KU43101....INGV', 3, '', 12, 1),
(370, '2021-04-13 01:21:56.396963', '95', '1333104....TEK IOT', 3, '', 12, 1),
(371, '2021-04-13 01:21:56.401945', '93', '1333104....TEK IOT', 3, '', 12, 1),
(372, '2021-04-13 01:21:56.406921', '92', '1333103....PIC', 3, '', 12, 1),
(373, '2021-04-13 01:21:56.412977', '91', '1333103....PIC', 3, '', 12, 1),
(374, '2021-04-13 01:21:56.418240', '90', '1333102....KAJAR', 3, '', 12, 1),
(375, '2021-04-13 01:21:56.423688', '89', '1333102....KAJAR', 3, '', 12, 1),
(376, '2021-04-13 01:21:56.429270', '88', '1333101....ADJAR', 3, '', 12, 1),
(377, '2021-04-13 01:21:56.434257', '87', '1333101....ADJAR', 3, '', 12, 1),
(378, '2021-04-13 01:21:56.439266', '86', '1333105....TA 1', 3, '', 12, 1),
(379, '2021-04-13 01:21:56.444227', '85', '1333105....TA 1', 3, '', 12, 1),
(380, '2021-04-13 01:21:56.449293', '84', 'TI33101....TEKNO', 3, '', 12, 1),
(381, '2021-04-13 01:21:56.454128', '83', 'TI33101....TEKNO', 3, '', 12, 1),
(382, '2021-04-13 01:21:56.458168', '82', '1133190....TA 1', 3, '', 12, 1),
(383, '2021-04-13 01:21:56.462216', '81', '1133190....TA 1', 3, '', 12, 1),
(384, '2021-04-13 01:21:56.467342', '80', '1133104....KEPAL', 3, '', 12, 1),
(385, '2021-04-13 01:21:56.472875', '79', '1133104....KEPAL', 3, '', 12, 1),
(386, '2021-04-13 01:21:56.477065', '78', '1133103....JAVA EE', 3, '', 12, 1),
(387, '2021-04-13 01:21:56.481529', '77', '1133103....JAVA EE', 3, '', 12, 1),
(388, '2021-04-13 01:21:56.485249', '76', '1133102....ALU', 3, '', 12, 1),
(389, '2021-04-13 01:21:56.490802', '75', '1133102....ALU', 3, '', 12, 1),
(390, '2021-04-13 01:21:56.494875', '74', '1033101....TEKCERTAN', 3, '', 12, 1),
(391, '2021-04-13 01:21:56.499759', '73', '1033101....TEKCERTAN', 3, '', 12, 1),
(392, '2021-04-13 01:21:56.504360', '72', 'KU33101....ING V', 3, '', 12, 1),
(393, '2021-04-13 01:21:56.508895', '71', 'KU33101....ING V', 3, '', 12, 1),
(394, '2021-04-13 01:21:56.512929', '70', '1142106....LOGIN', 3, '', 12, 1),
(395, '2021-04-13 01:21:56.518475', '69', '1142106....LOGIN', 3, '', 12, 1),
(396, '2021-04-13 01:21:56.522448', '68', '1142105....SBD', 3, '', 12, 1),
(397, '2021-04-13 01:21:56.527439', '67', '1142105....SBD', 3, '', 12, 1),
(398, '2021-04-13 01:21:56.531568', '66', '1142104....PAP', 3, '', 12, 1),
(399, '2021-04-13 01:21:56.536559', '65', '1142104....PAP', 3, '', 12, 1),
(400, '2021-04-13 01:21:56.540583', '64', '1142103....OOSD', 3, '', 12, 1),
(401, '2021-04-13 01:21:56.545568', '63', '1142103....OOSD', 3, '', 12, 1),
(402, '2021-04-13 01:21:56.550559', '62', '1042102....ALSRUDAT', 3, '', 12, 1),
(403, '2021-04-13 01:21:56.555508', '61', '1042102....ALSRUDAT', 3, '', 12, 1),
(404, '2021-04-13 01:21:56.559499', '60', 'KU42101....ING III', 3, '', 12, 1),
(405, '2021-04-13 01:21:56.565481', '59', 'KU42101....ING III', 3, '', 12, 1),
(406, '2021-04-13 01:21:56.569505', '58', '1042101....JARKOM', 3, '', 12, 1),
(407, '2021-04-13 01:21:56.573459', '57', '1042101....JARKOM', 3, '', 12, 1),
(408, '2021-04-13 01:21:56.577569', '56', '1332105....DE', 3, '', 12, 1),
(409, '2021-04-13 01:21:56.581971', '55', '1332105....DE', 3, '', 12, 1),
(410, '2021-04-13 01:21:56.586094', '54', '1332104....VIRKOM', 3, '', 12, 1),
(411, '2021-04-13 01:21:56.590438', '53', '1332104....VIRKOM', 3, '', 12, 1),
(412, '2021-04-13 01:21:56.594178', '52', '1332103....PAP', 3, '', 12, 1),
(413, '2021-04-13 01:21:56.599300', '51', '1332103....PAP', 3, '', 12, 1),
(414, '2021-04-13 01:21:56.603669', '50', '1332102....PROGSIS', 3, '', 12, 1),
(415, '2021-04-13 01:21:56.607814', '49', '1332102....PROGSIS', 3, '', 12, 1),
(416, '2021-04-13 01:21:56.612074', '48', 'MA32101....PROBSTAT', 3, '', 12, 1),
(417, '2021-04-13 01:21:56.617102', '47', 'MA32101....PROBSTAT', 3, '', 12, 1),
(418, '2021-04-13 01:21:56.620748', '46', '1132205....SBD', 3, '', 12, 1),
(419, '2021-04-13 01:21:56.627067', '45', '1132205....SBD', 3, '', 12, 1),
(420, '2021-04-13 01:21:56.631806', '44', '1132104....PAP', 3, '', 12, 1),
(421, '2021-04-13 01:21:56.636037', '43', '1132104....PAP', 3, '', 12, 1),
(422, '2021-04-13 01:21:56.640423', '42', '1132103....PAM', 3, '', 12, 1),
(423, '2021-04-13 01:21:56.644064', '41', '1132103....PAM', 3, '', 12, 1),
(424, '2021-04-13 01:21:56.649053', '40', '1132102....PBO', 3, '', 12, 1),
(425, '2021-04-13 01:21:56.654040', '39', '1132102....PBO', 3, '', 12, 1),
(426, '2021-04-13 01:21:56.658053', '38', '1032101....JARKOM', 3, '', 12, 1),
(427, '2021-04-13 01:21:56.663023', '37', '1032101....JARKOM', 3, '', 12, 1),
(428, '2021-04-13 01:21:56.668040', '36', 'MA32101....PROBSTAT', 3, '', 12, 1),
(429, '2021-04-13 01:21:56.672100', '35', 'MA32101....PROBSTAT', 3, '', 12, 1),
(430, '2021-04-13 01:21:56.675361', '34', 'KU32101....ING III', 3, '', 12, 1),
(431, '2021-04-13 01:21:56.680411', '33', 'KU32101....ING III', 3, '', 12, 1),
(432, '2021-04-13 01:21:56.684182', '31', '1141105....PRPL', 3, '', 12, 1),
(433, '2021-04-13 01:21:56.689482', '30', '1141105....PRPL', 3, '', 12, 1),
(434, '2021-04-13 01:21:56.693639', '29', '1041102....MATDIS', 3, '', 12, 1),
(435, '2021-04-13 01:21:56.697526', '28', '1041102....MATDIS', 3, '', 12, 1),
(436, '2021-04-13 01:21:56.701224', '27', '1041101....DASPRO', 3, '', 12, 1),
(437, '2021-04-13 01:21:56.705339', '26', '1041101....DASPRO', 3, '', 12, 1),
(438, '2021-04-13 01:21:56.709230', '25', 'TI41101....INDIG', 3, '', 12, 1),
(439, '2021-04-13 01:22:05.368027', '24', 'KU41102....ING I', 3, '', 12, 1),
(440, '2021-04-13 01:22:05.377150', '23', 'KU41102....ING I', 3, '', 12, 1),
(441, '2021-04-13 01:22:05.381629', '22', '1141104....PSW I', 3, '', 12, 1),
(442, '2021-04-13 01:22:05.385992', '21', '1141104....PSW I', 3, '', 12, 1),
(443, '2021-04-13 01:22:05.397166', '20', '1041103....AOK', 3, '', 12, 1),
(444, '2021-04-13 01:22:05.402356', '19', '1041103....AOK', 3, '', 12, 1),
(445, '2021-04-13 01:22:05.407947', '18', 'KU41101....DELCHA', 3, '', 12, 1),
(446, '2021-04-13 01:22:05.412363', '17', '1031103....AOK', 3, '', 12, 1),
(447, '2021-04-13 01:22:05.418366', '16', '1031103....AOK', 3, '', 12, 1),
(448, '2021-04-13 01:22:05.422501', '15', '1131104....PSW I', 3, '', 12, 1),
(449, '2021-04-13 01:22:05.426497', '14', '1131104....PSW I', 3, '', 12, 1),
(450, '2021-04-13 01:22:05.430973', '12', '1131105....RPL', 3, '', 12, 1),
(451, '2021-04-13 01:22:05.434967', '11', '1031103....AOK', 3, '', 12, 1),
(452, '2021-04-13 01:22:05.438988', '10', '1031103....AOK', 3, '', 12, 1),
(453, '2021-04-13 01:22:05.443940', '9', '1031102....MATDIS', 3, '', 12, 1),
(454, '2021-04-13 01:22:05.447845', '8', '1031102....MATDIS', 3, '', 12, 1),
(455, '2021-04-13 01:22:05.451490', '7', '1031101....DASPRO', 3, '', 12, 1),
(456, '2021-04-13 01:22:05.457599', '6', '1031101....DASPRO', 3, '', 12, 1),
(457, '2021-04-13 01:22:05.462597', '4', 'KU31102....DELCHA', 3, '', 12, 1),
(458, '2021-04-13 01:22:05.467498', '3', 'TI31101....INDIG', 3, '', 12, 1),
(459, '2021-04-13 01:22:05.471522', '2', 'KU31101....ING I', 3, '', 12, 1),
(460, '2021-04-13 01:22:05.476051', '1', 'KU31101....ING I', 3, '', 12, 1),
(461, '2021-04-13 01:22:31.437511', '128', 'KU31101....ING I', 1, '[{\"added\": {}}]', 12, 1),
(462, '2021-04-13 01:22:44.894129', '129', 'KU31101....ING I', 1, '[{\"added\": {}}]', 12, 1),
(463, '2021-04-13 01:22:57.810999', '130', 'TI31101....INDIG', 1, '[{\"added\": {}}]', 12, 1),
(464, '2021-04-13 01:23:17.398221', '131', 'KU31102....DELCHA', 1, '[{\"added\": {}}]', 12, 1),
(465, '2021-04-13 01:23:38.179070', '132', '1031101....DASPRO', 1, '[{\"added\": {}}]', 12, 1),
(466, '2021-04-13 01:23:52.186539', '133', '1031101....DASPRO', 1, '[{\"added\": {}}]', 12, 1),
(467, '2021-04-13 01:24:08.933393', '134', '1031102....MATDIS', 1, '[{\"added\": {}}]', 12, 1),
(468, '2021-04-13 01:24:23.212633', '135', '1031102....MATDIS', 1, '[{\"added\": {}}]', 12, 1),
(469, '2021-04-13 01:24:54.353931', '136', '1031103....AOK', 1, '[{\"added\": {}}]', 12, 1),
(470, '2021-04-13 01:25:10.976615', '137', '1031103....AOK', 1, '[{\"added\": {}}]', 12, 1),
(471, '2021-04-13 01:25:37.486460', '138', '1131105....RPL', 1, '[{\"added\": {}}]', 12, 1),
(472, '2021-04-13 01:25:56.221805', '139', '1131105....RPL', 1, '[{\"added\": {}}]', 12, 1),
(473, '2021-04-13 01:26:11.257983', '140', '1131104....PSW I', 1, '[{\"added\": {}}]', 12, 1),
(474, '2021-04-13 01:26:26.621621', '141', '1131104....PSW I', 1, '[{\"added\": {}}]', 12, 1),
(475, '2021-04-13 01:27:25.039693', '142', '1331104....PSW I', 1, '[{\"added\": {}}]', 12, 1),
(476, '2021-04-13 01:27:42.680849', '143', '1331104....PSW I', 1, '[{\"added\": {}}]', 12, 1),
(477, '2021-04-13 01:27:57.407467', '144', '1331105....PRPL', 1, '[{\"added\": {}}]', 12, 1),
(478, '2021-04-13 01:28:25.898432', '145', '1331105....PRPL', 1, '[{\"added\": {}}]', 12, 1),
(479, '2021-04-13 01:28:46.768895', '146', 'KU41101....DELCHA', 1, '[{\"added\": {}}]', 12, 1),
(480, '2021-04-13 01:29:27.120313', '147', '1041103....AOK', 1, '[{\"added\": {}}]', 12, 1),
(481, '2021-04-13 01:29:41.086783', '148', '1041103....AOK', 1, '[{\"added\": {}}]', 12, 1),
(482, '2021-04-13 01:29:54.918464', '149', '1141104....PSW I', 1, '[{\"added\": {}}]', 12, 1),
(483, '2021-04-13 01:30:10.745826', '150', '1141104....PSW I', 1, '[{\"added\": {}}]', 12, 1),
(484, '2021-04-13 01:30:18.021259', '149', '1141104....PSW I', 2, '[]', 12, 1),
(485, '2021-04-13 01:30:20.757224', '150', '1141104....PSW I', 2, '[]', 12, 1),
(486, '2021-04-13 01:30:22.766917', '149', '1141104....PSW I', 2, '[]', 12, 1),
(487, '2021-04-13 01:31:25.397068', '151', 'KU41102....ING I', 1, '[{\"added\": {}}]', 12, 1),
(488, '2021-04-13 01:31:40.190487', '152', 'KU41102....ING I', 1, '[{\"added\": {}}]', 12, 1),
(489, '2021-04-13 01:32:46.234358', '153', 'TI41101....INDIG', 1, '[{\"added\": {}}]', 12, 1),
(490, '2021-04-13 01:33:26.790185', '154', '1041101....DASPRO', 1, '[{\"added\": {}}]', 12, 1),
(491, '2021-04-13 01:33:43.439803', '155', '1041101....DASPRO', 1, '[{\"added\": {}}]', 12, 1),
(492, '2021-04-13 01:34:08.683140', '156', '1041102....MATDIS', 1, '[{\"added\": {}}]', 12, 1),
(493, '2021-04-13 01:34:13.376878', '156', '1041102....MATDIS', 2, '[]', 12, 1),
(494, '2021-04-13 01:34:15.529230', '155', '1041101....DASPRO', 2, '[]', 12, 1),
(495, '2021-04-13 01:34:18.408873', '154', '1041101....DASPRO', 2, '[]', 12, 1),
(496, '2021-04-13 01:34:35.343130', '157', '1041102....MATDIS', 1, '[{\"added\": {}}]', 12, 1),
(497, '2021-04-13 01:34:47.491964', '158', '1141105....PRPL', 1, '[{\"added\": {}}]', 12, 1),
(498, '2021-04-13 01:35:09.894577', '159', '1141105....PRPL', 1, '[{\"added\": {}}]', 12, 1),
(499, '2021-04-13 01:35:32.638383', '160', 'KU32101....ING III', 1, '[{\"added\": {}}]', 12, 1),
(500, '2021-04-13 01:35:51.474377', '161', 'KU32101....ING III', 1, '[{\"added\": {}}]', 12, 1),
(501, '2021-04-13 01:36:20.437917', '162', 'MA32101....PROBSTAT', 1, '[{\"added\": {}}]', 12, 1),
(502, '2021-04-13 01:36:32.201607', '162', 'MA32101....PROBSTAT', 2, '[]', 12, 1),
(503, '2021-04-13 01:36:45.783158', '163', 'MA32101....PROBSTAT', 1, '[{\"added\": {}}]', 12, 1),
(504, '2021-04-13 01:37:01.266626', '164', '1032101....JARKOM', 1, '[{\"added\": {}}]', 12, 1),
(505, '2021-04-13 01:37:47.109965', '165', '1032101....JARKOM', 1, '[{\"added\": {}}]', 12, 1),
(506, '2021-04-13 01:38:14.969755', '166', '1132102....PBO', 1, '[{\"added\": {}}]', 12, 1),
(507, '2021-04-13 01:38:30.891715', '167', '1132102....PBO', 1, '[{\"added\": {}}]', 12, 1),
(508, '2021-04-13 01:39:04.237346', '168', '1132103....PAM', 1, '[{\"added\": {}}]', 12, 1),
(509, '2021-04-13 01:39:19.904034', '169', '1132103....PAM', 1, '[{\"added\": {}}]', 12, 1),
(510, '2021-04-13 01:39:40.845702', '170', '1132104....PAP', 1, '[{\"added\": {}}]', 12, 1),
(511, '2021-04-13 01:39:53.253848', '171', '1132104....PAP', 1, '[{\"added\": {}}]', 12, 1),
(512, '2021-04-13 01:40:13.651868', '170', '1132104....PAP', 2, '[{\"changed\": {\"fields\": [\"Sks\"]}}]', 12, 1),
(513, '2021-04-13 01:40:18.165666', '171', '1132104....PAP', 2, '[{\"changed\": {\"fields\": [\"Sks\"]}}]', 12, 1),
(514, '2021-04-13 01:46:06.395247', '128', 'KU31101....ING I', 2, '[{\"changed\": {\"fields\": [\"Sks\"]}}]', 12, 1),
(515, '2021-04-13 01:46:15.396822', '128', 'KU31101....ING I', 2, '[]', 12, 1),
(516, '2021-04-13 01:46:19.384445', '128', 'KU31101....ING I', 2, '[]', 12, 1),
(517, '2021-04-13 01:46:53.327315', '129', 'KU31101....ING I', 2, '[{\"changed\": {\"fields\": [\"Sks\"]}}]', 12, 1),
(518, '2021-04-13 01:47:03.663494', '130', 'TI31101....INDIG', 2, '[]', 12, 1),
(519, '2021-04-13 01:48:11.677682', '132', '1031101....DASPRO', 2, '[{\"changed\": {\"fields\": [\"Sks\"]}}]', 12, 1),
(520, '2021-04-13 01:48:17.394481', '132', '1031101....DASPRO', 2, '[]', 12, 1),
(521, '2021-04-13 01:48:47.418389', '133', '1031101....DASPRO', 2, '[{\"changed\": {\"fields\": [\"Sks\"]}}]', 12, 1),
(522, '2021-04-13 01:49:15.971572', '134', '1031102....MATDIS', 2, '[{\"changed\": {\"fields\": [\"Sks\"]}}]', 12, 1),
(523, '2021-04-13 01:49:24.649376', '134', '1031102....MATDIS', 2, '[]', 12, 1),
(524, '2021-04-13 01:49:34.913245', '135', '1031102....MATDIS', 2, '[{\"changed\": {\"fields\": [\"Sks\"]}}]', 12, 1),
(525, '2021-04-13 01:49:49.862876', '136', '1031103....AOK', 2, '[{\"changed\": {\"fields\": [\"Sks\"]}}]', 12, 1),
(526, '2021-04-13 01:49:57.954238', '137', '1031103....AOK', 2, '[{\"changed\": {\"fields\": [\"Sks\"]}}]', 12, 1),
(527, '2021-04-13 01:50:18.103081', '138', '1131105....RPL', 2, '[{\"changed\": {\"fields\": [\"Sks\"]}}]', 12, 1),
(528, '2021-04-13 01:50:28.045339', '139', '1131105....RPL', 2, '[{\"changed\": {\"fields\": [\"Sks\"]}}]', 12, 1),
(529, '2021-04-13 01:50:45.653846', '140', '1131104....PSW I', 2, '[{\"changed\": {\"fields\": [\"Sks\"]}}]', 12, 1),
(530, '2021-04-13 01:50:56.465470', '141', '1131104....PSW I', 2, '[{\"changed\": {\"fields\": [\"Sks\"]}}]', 12, 1),
(531, '2021-04-13 01:51:08.381633', '149', '1141104....PSW I', 2, '[]', 12, 1),
(532, '2021-04-13 01:51:23.105604', '142', '1331104....PSW I', 2, '[{\"changed\": {\"fields\": [\"Sks\"]}}]', 12, 1),
(533, '2021-04-13 01:51:30.217997', '143', '1331104....PSW I', 2, '[{\"changed\": {\"fields\": [\"Sks\"]}}]', 12, 1),
(534, '2021-04-13 01:51:44.662071', '144', '1331105....PRPL', 2, '[{\"changed\": {\"fields\": [\"Sks\"]}}]', 12, 1),
(535, '2021-04-13 01:52:34.593508', '145', '1331105....PRPL', 2, '[{\"changed\": {\"fields\": [\"Sks\"]}}]', 12, 1),
(536, '2021-04-13 01:53:03.985556', '147', '1041103....AOK', 2, '[{\"changed\": {\"fields\": [\"Sks\"]}}]', 12, 1),
(537, '2021-04-13 01:53:32.447475', '148', '1041103....AOK', 2, '[{\"changed\": {\"fields\": [\"Sks\"]}}]', 12, 1),
(538, '2021-04-13 01:53:37.435423', '147', '1041103....AOK', 2, '[]', 12, 1),
(539, '2021-04-13 01:53:49.448858', '149', '1141104....PSW I', 2, '[{\"changed\": {\"fields\": [\"Sks\"]}}]', 12, 1),
(540, '2021-04-13 01:53:57.372277', '150', '1141104....PSW I', 2, '[{\"changed\": {\"fields\": [\"Sks\"]}}]', 12, 1),
(541, '2021-04-13 01:54:12.223620', '151', 'KU41102....ING I', 2, '[{\"changed\": {\"fields\": [\"Sks\"]}}]', 12, 1),
(542, '2021-04-13 01:54:42.627157', '152', 'KU41102....ING I', 2, '[{\"changed\": {\"fields\": [\"Sks\"]}}]', 12, 1),
(543, '2021-04-13 01:55:21.446079', '154', '1041101....DASPRO', 2, '[{\"changed\": {\"fields\": [\"Sks\"]}}]', 12, 1),
(544, '2021-04-13 01:55:37.198347', '155', '1041101....DASPRO', 2, '[{\"changed\": {\"fields\": [\"Sks\"]}}]', 12, 1),
(545, '2021-04-13 01:56:16.945899', '156', '1041102....MATDIS', 2, '[{\"changed\": {\"fields\": [\"Sks\"]}}]', 12, 1),
(546, '2021-04-13 01:56:24.680505', '157', '1041102....MATDIS', 2, '[{\"changed\": {\"fields\": [\"Sks\"]}}]', 12, 1),
(547, '2021-04-13 01:56:44.906354', '158', '1141105....PRPL', 2, '[{\"changed\": {\"fields\": [\"Sks\"]}}]', 12, 1),
(548, '2021-04-13 01:56:58.378072', '159', '1141105....PRPL', 2, '[{\"changed\": {\"fields\": [\"Sks\"]}}]', 12, 1),
(549, '2021-04-13 01:57:14.960825', '160', 'KU32101....ING III', 2, '[{\"changed\": {\"fields\": [\"Sks\"]}}]', 12, 1),
(550, '2021-04-13 01:57:19.149808', '161', 'KU32101....ING III', 2, '[{\"changed\": {\"fields\": [\"Sks\"]}}]', 12, 1),
(551, '2021-04-13 01:57:33.653780', '162', 'MA32101....PROBSTAT', 2, '[{\"changed\": {\"fields\": [\"Sks\"]}}]', 12, 1),
(552, '2021-04-13 01:57:40.025730', '163', 'MA32101....PROBSTAT', 2, '[{\"changed\": {\"fields\": [\"Sks\"]}}]', 12, 1),
(553, '2021-04-13 01:57:48.042791', '164', '1032101....JARKOM', 2, '[{\"changed\": {\"fields\": [\"Sks\"]}}]', 12, 1),
(554, '2021-04-13 01:57:53.278646', '163', 'MA32101....PROBSTAT', 2, '[]', 12, 1),
(555, '2021-04-13 01:57:57.695493', '165', '1032101....JARKOM', 2, '[{\"changed\": {\"fields\": [\"Sks\"]}}]', 12, 1),
(556, '2021-04-13 01:58:06.154442', '166', '1132102....PBO', 2, '[{\"changed\": {\"fields\": [\"Sks\"]}}]', 12, 1),
(557, '2021-04-13 01:58:09.356695', '165', '1032101....JARKOM', 2, '[]', 12, 1),
(558, '2021-04-13 01:58:13.112089', '167', '1132102....PBO', 2, '[{\"changed\": {\"fields\": [\"Sks\"]}}]', 12, 1),
(559, '2021-04-13 01:58:17.002563', '167', '1132102....PBO', 2, '[]', 12, 1);
INSERT INTO `django_admin_log` (`id`, `action_time`, `object_id`, `object_repr`, `action_flag`, `change_message`, `content_type_id`, `user_id`) VALUES
(560, '2021-04-13 01:58:23.016140', '168', '1132103....PAM', 2, '[{\"changed\": {\"fields\": [\"Sks\"]}}]', 12, 1),
(561, '2021-04-13 01:58:27.560067', '169', '1132103....PAM', 2, '[{\"changed\": {\"fields\": [\"Sks\"]}}]', 12, 1),
(562, '2021-04-13 01:58:34.549108', '170', '1132104....PAP', 2, '[]', 12, 1),
(563, '2021-04-13 01:58:39.017174', '171', '1132104....PAP', 2, '[]', 12, 1),
(564, '2021-04-13 01:59:12.099402', '172', '1132205....SBD', 1, '[{\"added\": {}}]', 12, 1),
(565, '2021-04-13 01:59:37.221048', '173', '1132205....SBD', 1, '[{\"added\": {}}]', 12, 1),
(566, '2021-04-13 01:59:58.033162', '174', '1332102....PROGSIS', 1, '[{\"added\": {}}]', 12, 1),
(567, '2021-04-13 02:00:13.137627', '175', '1332102....PROGSIS', 1, '[{\"added\": {}}]', 12, 1),
(568, '2021-04-13 02:00:36.388320', '176', '1332103....PAP', 1, '[{\"added\": {}}]', 12, 1),
(569, '2021-04-13 02:01:00.361033', '177', '1332103....PAP', 1, '[{\"added\": {}}]', 12, 1),
(570, '2021-04-13 02:01:20.500224', '178', '1332104....VIRKOM', 1, '[{\"added\": {}}]', 12, 1),
(571, '2021-04-13 02:01:34.197736', '179', '1332104....VIRKOM', 1, '[{\"added\": {}}]', 12, 1),
(572, '2021-04-13 02:02:39.253400', '180', '1332105....DE', 1, '[{\"added\": {}}]', 12, 1),
(573, '2021-04-13 02:02:57.435602', '181', '1332105....DE', 1, '[{\"added\": {}}]', 12, 1),
(574, '2021-04-13 02:03:00.796849', '180', '1332105....DE', 2, '[]', 12, 1),
(575, '2021-04-13 02:03:21.056237', '182', '1042101....JARKOM', 1, '[{\"added\": {}}]', 12, 1),
(576, '2021-04-13 02:03:34.401017', '183', '1042101....JARKOM', 1, '[{\"added\": {}}]', 12, 1),
(577, '2021-04-13 02:03:54.128230', '184', 'KU42101....ING III', 1, '[{\"added\": {}}]', 12, 1),
(578, '2021-04-13 02:04:08.406056', '185', 'KU42101....ING III', 1, '[{\"added\": {}}]', 12, 1),
(579, '2021-04-13 02:04:40.474768', '186', '1042102....ALSRUDAT', 1, '[{\"added\": {}}]', 12, 1),
(580, '2021-04-13 02:04:57.136310', '187', '1042102....ALSRUDAT', 1, '[{\"added\": {}}]', 12, 1),
(581, '2021-04-13 02:05:11.002365', '188', '1142103....OOSD', 1, '[{\"added\": {}}]', 12, 1),
(582, '2021-04-13 02:05:26.174307', '189', '1142103....OOSD', 1, '[{\"added\": {}}]', 12, 1),
(583, '2021-04-13 02:05:44.041732', '190', '1142104....PAP', 1, '[{\"added\": {}}]', 12, 1),
(584, '2021-04-13 02:05:58.310331', '191', '1142104....PAP', 1, '[{\"added\": {}}]', 12, 1),
(585, '2021-04-13 02:31:57.204024', '28', 'MH7', 1, '[{\"added\": {}}]', 14, 1),
(586, '2021-04-13 02:32:00.291079', '29', 'MH8', 1, '[{\"added\": {}}]', 14, 1),
(587, '2021-04-13 02:32:03.452121', '30', 'MH9', 1, '[{\"added\": {}}]', 14, 1),
(588, '2021-04-13 02:32:22.872948', '31', 'MPR', 1, '[{\"added\": {}}]', 14, 1),
(589, '2021-04-13 02:37:56.828629', '32', 'THJ', 1, '[{\"added\": {}}]', 14, 1),
(590, '2021-04-13 02:38:00.036858', '33', 'JYD', 1, '[{\"added\": {}}]', 14, 1),
(591, '2021-04-13 02:38:06.972977', '34', 'RMM', 1, '[{\"added\": {}}]', 14, 1),
(592, '2021-04-13 02:38:09.008472', '35', 'SAM', 1, '[{\"added\": {}}]', 14, 1),
(593, '2021-04-13 02:38:14.707528', '36', 'IPM', 1, '[{\"added\": {}}]', 14, 1),
(594, '2021-04-13 02:38:19.268639', '37', 'VES', 1, '[{\"added\": {}}]', 14, 1),
(595, '2021-04-13 03:01:00.591848', '192', '1142105....SBD', 1, '[{\"added\": {}}]', 12, 1),
(596, '2021-04-13 03:01:19.457732', '193', '1142105....SBD', 1, '[{\"added\": {}}]', 12, 1),
(597, '2021-04-13 03:01:34.624862', '194', '1142106....LOGIN', 1, '[{\"added\": {}}]', 12, 1),
(598, '2021-04-13 03:01:52.233682', '195', '1142106....LOGIN', 1, '[{\"added\": {}}]', 12, 1),
(599, '2021-04-13 03:02:06.868649', '196', 'KU33101....ING V', 1, '[{\"added\": {}}]', 12, 1),
(600, '2021-04-13 03:02:21.851128', '197', 'KU33101....ING V', 1, '[{\"added\": {}}]', 12, 1),
(601, '2021-04-13 03:02:37.384573', '198', '1033101....TEKCERTAN', 1, '[{\"added\": {}}]', 12, 1),
(602, '2021-04-13 03:02:47.281625', '199', '1033101....TEKCERTAN', 1, '[{\"added\": {}}]', 12, 1),
(603, '2021-04-13 03:03:01.427045', '200', '1133102....ALU', 1, '[{\"added\": {}}]', 12, 1),
(604, '2021-04-13 03:03:23.393350', '201', '1133102....ALU', 1, '[{\"added\": {}}]', 12, 1),
(605, '2021-04-13 03:03:49.926083', '202', '1133103....JAVA EE', 1, '[{\"added\": {}}]', 12, 1),
(606, '2021-04-13 03:04:14.688670', '203', '1133103....JAVA EE', 1, '[{\"added\": {}}]', 12, 1),
(607, '2021-04-13 03:04:56.531690', '204', '1133104....KEPAL', 1, '[{\"added\": {}}]', 12, 1),
(608, '2021-04-13 03:05:26.470751', '205', '1133104....KEPAL', 1, '[{\"added\": {}}]', 12, 1),
(609, '2021-04-13 03:07:28.810936', '206', '1133190....TA 1', 1, '[{\"added\": {}}]', 12, 1),
(610, '2021-04-13 03:07:47.895719', '207', '1133190....TA 1', 1, '[{\"added\": {}}]', 12, 1),
(611, '2021-04-13 03:08:12.775266', '208', 'TI33101....TEKNO', 1, '[{\"added\": {}}]', 12, 1),
(612, '2021-04-13 03:08:34.607444', '209', 'TI33101....TEKNO', 1, '[{\"added\": {}}]', 12, 1),
(613, '2021-04-13 03:09:30.397445', '210', '1333105....TA 1', 1, '[{\"added\": {}}]', 12, 1),
(614, '2021-04-13 03:09:43.169151', '211', '1333105....TA 1', 1, '[{\"added\": {}}]', 12, 1),
(615, '2021-04-13 03:10:00.025914', '212', '1333101....ADJAR', 1, '[{\"added\": {}}]', 12, 1),
(616, '2021-04-13 03:10:33.640189', '213', '1333101....ADJAR', 1, '[{\"added\": {}}]', 12, 1),
(617, '2021-04-13 03:10:55.671704', '214', '1333102....KAJAR', 1, '[{\"added\": {}}]', 12, 1),
(618, '2021-04-13 03:11:09.624163', '215', '1333102....KAJAR', 1, '[{\"added\": {}}]', 12, 1),
(619, '2021-04-13 03:11:35.518362', '216', '1333103....PIC', 1, '[{\"added\": {}}]', 12, 1),
(620, '2021-04-13 03:11:51.417051', '217', '1333103....PIC', 1, '[{\"added\": {}}]', 12, 1),
(621, '2021-04-13 03:12:19.879815', '218', '1333104....TEK IOT', 1, '[{\"added\": {}}]', 12, 1),
(622, '2021-04-13 03:12:36.327818', '219', '1333104....TEK IOT', 1, '[{\"added\": {}}]', 12, 1),
(623, '2021-04-13 03:13:13.674238', '220', 'KU43101....ING V', 1, '[{\"added\": {}}]', 12, 1),
(624, '2021-04-13 03:13:44.340677', '221', 'KU43101....ING V', 1, '[{\"added\": {}}]', 12, 1),
(625, '2021-04-13 03:14:27.709329', '222', '1143101....PPL', 1, '[{\"added\": {}}]', 12, 1),
(626, '2021-04-13 03:15:00.724191', '223', '1143101....PPL', 1, '[{\"added\": {}}]', 12, 1),
(627, '2021-04-13 03:15:17.272029', '224', '1143102....ALU', 1, '[{\"added\": {}}]', 12, 1),
(628, '2021-04-13 03:15:34.687139', '225', '1143102....ALU', 1, '[{\"added\": {}}]', 12, 1),
(629, '2021-04-13 03:16:13.643379', '226', '1143103....KREN', 1, '[{\"added\": {}}]', 12, 1),
(630, '2021-04-13 03:16:28.291201', '227', '1143103....KREN', 1, '[{\"added\": {}}]', 12, 1),
(631, '2021-04-13 03:17:24.123891', '228', '1143104....KEPAL', 1, '[{\"added\": {}}]', 12, 1),
(632, '2021-04-13 03:18:07.399858', '229', '1143104....KEPAL', 1, '[{\"added\": {}}]', 12, 1),
(633, '2021-04-13 03:18:57.204855', '230', '1143105....AUTOMATA', 1, '[{\"added\": {}}]', 12, 1),
(634, '2021-04-13 03:19:24.819695', '231', '1143105....AUTOMATA', 1, '[{\"added\": {}}]', 12, 1),
(635, '2021-04-13 03:20:24.575797', '232', '1143106....METPEN', 1, '[{\"added\": {}}]', 12, 1),
(636, '2021-04-13 03:20:36.344622', '233', '1143106....METPEN', 1, '[{\"added\": {}}]', 12, 1),
(637, '2021-04-13 03:20:50.922405', '234', '1143203....PM', 1, '[{\"added\": {}}]', 12, 1),
(638, '2021-04-13 03:21:08.080125', '235', '1143203....PM', 1, '[{\"added\": {}}]', 12, 1),
(639, '2021-04-13 03:21:45.756378', '236', 'TI44101....TEKNO', 1, '[{\"added\": {}}]', 12, 1),
(640, '2021-04-13 03:22:37.794923', '237', 'TI44101....TEKNO', 1, '[{\"added\": {}}]', 12, 1),
(641, '2021-04-13 03:22:56.252427', '238', '1144101....APPL', 1, '[{\"added\": {}}]', 12, 1),
(642, '2021-04-13 03:23:13.023048', '239', '1144101....APPL', 1, '[{\"added\": {}}]', 12, 1),
(643, '2021-04-13 03:23:38.369443', '240', '1144102....MANPRO', 1, '[{\"added\": {}}]', 12, 1),
(644, '2021-04-13 03:23:52.297275', '241', '1144102....MANPRO', 1, '[{\"added\": {}}]', 12, 1),
(645, '2021-04-13 03:24:45.616732', '242', '1144103....KUPEL', 1, '[{\"added\": {}}]', 12, 1),
(646, '2021-04-13 03:25:17.973350', '243', '1144103....KUPEL', 1, '[{\"added\": {}}]', 12, 1),
(647, '2021-04-13 03:25:57.304915', '244', '1144104....RPL', 1, '[{\"added\": {}}]', 12, 1),
(648, '2021-04-13 03:26:22.744794', '245', '1144104....RPL', 1, '[{\"added\": {}}]', 12, 1),
(649, '2021-04-13 03:26:37.360496', '246', '1144105....CERTAN', 1, '[{\"added\": {}}]', 12, 1),
(650, '2021-04-13 03:27:00.392564', '247', '1144105....CERTAN', 1, '[{\"added\": {}}]', 12, 1),
(651, '2021-04-13 03:27:16.127503', '248', '1144190....TA I', 1, '[{\"added\": {}}]', 12, 1),
(652, '2021-04-13 03:27:32.136212', '249', '1144190....TA I', 1, '[{\"added\": {}}]', 12, 1),
(653, '2021-04-13 03:40:05.573169', '80', 'MPR....KU31101....ING I', 1, '[{\"added\": {}}]', 17, 1),
(654, '2021-04-13 03:40:46.838532', '81', 'TLG....TI31101....INDIG', 1, '[{\"added\": {}}]', 17, 1),
(655, '2021-04-13 03:41:05.153258', '82', 'TMP....1031101....DASPRO', 1, '[{\"added\": {}}]', 17, 1),
(656, '2021-04-13 03:41:35.445981', '83', 'SML....1031102....MATDIS', 1, '[{\"added\": {}}]', 17, 1),
(657, '2021-04-13 03:42:01.847927', '84', 'IPM....1031103....AOK', 1, '[{\"added\": {}}]', 17, 1),
(658, '2021-04-13 03:42:18.297262', '85', 'PDS....1031103....AOK', 1, '[{\"added\": {}}]', 17, 1),
(659, '2021-04-13 03:43:12.613010', '86', 'HER....1131105....RPL', 1, '[{\"added\": {}}]', 17, 1),
(660, '2021-04-13 03:43:55.683775', '87', 'TNT....1131105....RPL', 1, '[{\"added\": {}}]', 17, 1),
(661, '2021-04-13 03:45:05.040082', '87', 'TNT....1131104....PSW I', 2, '[{\"changed\": {\"fields\": [\"No matkul\"]}}]', 17, 1),
(662, '2021-04-13 03:45:52.551340', '88', 'ACB....KU31102....DELCHA', 1, '[{\"added\": {}}]', 17, 1),
(663, '2021-04-13 03:46:03.568151', '89', 'THJ....KU31102....DELCHA', 1, '[{\"added\": {}}]', 17, 1),
(664, '2021-04-13 03:46:16.876735', '90', 'ANM....KU31102....DELCHA', 1, '[{\"added\": {}}]', 17, 1),
(665, '2021-04-13 03:46:41.744040', '91', 'ISW....KU31102....DELCHA', 1, '[{\"added\": {}}]', 17, 1),
(666, '2021-04-13 03:47:42.824206', '38', 'MPR....KU31101....ING I', 1, '[{\"added\": {}}]', 15, 1),
(667, '2021-04-13 03:48:34.277177', '39', 'PHI....1031101....DASPRO', 1, '[{\"added\": {}}]', 15, 1),
(668, '2021-04-13 03:52:52.297623', '40', 'ARH....1031101....DASPRO', 1, '[{\"added\": {}}]', 15, 1),
(669, '2021-04-13 03:53:23.267990', '41', 'MH1....1031102....MATDIS', 1, '[{\"added\": {}}]', 15, 1),
(670, '2021-04-13 03:53:51.300061', '42', 'ARH....1031103....AOK', 1, '[{\"added\": {}}]', 15, 1),
(671, '2021-04-13 03:54:16.068197', '43', 'VKS....1131105....RPL', 1, '[{\"added\": {}}]', 15, 1),
(672, '2021-04-13 03:54:31.211902', '44', 'DES....1131105....RPL', 1, '[{\"added\": {}}]', 15, 1),
(673, '2021-04-13 03:54:48.552322', '45', 'SEP....1131104....PSW I', 1, '[{\"added\": {}}]', 15, 1),
(674, '2021-04-13 03:56:33.739483', '92', 'MPR....KU31101....ING I', 1, '[{\"added\": {}}]', 17, 1),
(675, '2021-04-13 03:56:46.338885', '93', 'ACB....KU31102....DELCHA', 1, '[{\"added\": {}}]', 17, 1),
(676, '2021-04-13 03:56:59.338963', '94', 'ANM....KU31102....DELCHA', 1, '[{\"added\": {}}]', 17, 1),
(677, '2021-04-13 03:57:22.362959', '95', 'THJ....KU31102....DELCHA', 1, '[{\"added\": {}}]', 17, 1),
(678, '2021-04-13 03:57:41.580080', '96', 'ISW....KU31102....DELCHA', 1, '[{\"added\": {}}]', 17, 1),
(679, '2021-04-13 03:58:17.230347', '97', 'TMP....1031101....DASPRO', 1, '[{\"added\": {}}]', 17, 1),
(680, '2021-04-13 03:58:48.778874', '98', 'SML....1031102....MATDIS', 1, '[{\"added\": {}}]', 17, 1),
(681, '2021-04-13 03:59:21.561987', '99', 'IPM....1031103....AOK', 1, '[{\"added\": {}}]', 17, 1),
(682, '2021-04-13 04:00:10.621536', '100', 'PDS....1031103....AOK', 1, '[{\"added\": {}}]', 17, 1),
(683, '2021-04-13 04:00:42.476155', '101', 'ESS....TI31101....INDIG', 1, '[{\"added\": {}}]', 17, 1),
(684, '2021-04-13 04:01:57.811593', '102', 'HER....1331104....PSW I', 1, '[{\"added\": {}}]', 17, 1),
(685, '2021-04-13 04:02:34.981605', '103', 'AZP....TI31101....INDIG', 1, '[{\"added\": {}}]', 17, 1),
(686, '2021-04-13 04:03:11.458728', '104', 'HER....1331105....PRPL', 1, '[{\"added\": {}}]', 17, 1),
(687, '2021-04-13 04:03:45.817552', '105', 'ART....1331105....PRPL', 1, '[{\"added\": {}}]', 17, 1),
(688, '2021-04-13 04:05:00.298480', '46', 'MPR....KU31101....ING I', 1, '[{\"added\": {}}]', 15, 1),
(689, '2021-04-13 04:05:33.431883', '47', 'PHI....1031101....DASPRO', 1, '[{\"added\": {}}]', 15, 1),
(690, '2021-04-13 04:05:55.672147', '48', 'ARH....1031101....DASPRO', 1, '[{\"added\": {}}]', 15, 1),
(691, '2021-04-13 04:06:46.155424', '49', 'MH1....1031102....MATDIS', 1, '[{\"added\": {}}]', 15, 1),
(692, '2021-04-13 04:07:15.142803', '50', 'ARH....1031103....AOK', 1, '[{\"added\": {}}]', 15, 1),
(693, '2021-04-13 04:08:04.860481', '51', 'TLS....1331104....PSW I', 1, '[{\"added\": {}}]', 15, 1),
(694, '2021-04-13 04:08:29.688348', '52', 'VKS....1131105....RPL', 1, '[{\"added\": {}}]', 15, 1),
(695, '2021-04-13 04:08:57.177510', '53', 'DES....1331105....PRPL', 1, '[{\"added\": {}}]', 15, 1),
(696, '2021-04-13 04:10:54.451702', '7', '41TRPL....63', 2, '[{\"changed\": {\"fields\": [\"Nama\"]}}]', 11, 1),
(697, '2021-04-13 04:13:54.568778', '106', 'ACB....KU41101....DELCHA', 1, '[{\"added\": {}}]', 17, 1),
(698, '2021-04-13 04:14:11.616002', '107', 'THJ....KU41101....DELCHA', 1, '[{\"added\": {}}]', 17, 1),
(699, '2021-04-13 04:14:27.320391', '108', 'ANM....KU41101....DELCHA', 1, '[{\"added\": {}}]', 17, 1),
(700, '2021-04-13 04:14:57.376325', '109', 'ISW....KU41101....DELCHA', 1, '[{\"added\": {}}]', 17, 1),
(701, '2021-04-13 04:15:26.867758', '110', 'IPM....1041103....AOK', 1, '[{\"added\": {}}]', 17, 1),
(702, '2021-04-13 04:15:56.646600', '111', 'PDS....1041103....AOK', 1, '[{\"added\": {}}]', 17, 1),
(703, '2021-04-13 04:16:34.557908', '112', 'RDT....1141104....PSW I', 1, '[{\"added\": {}}]', 17, 1),
(704, '2021-04-13 04:20:00.711739', '113', 'RMM....KU41102....ING I', 1, '[{\"added\": {}}]', 17, 1),
(705, '2021-04-13 04:21:07.954896', '114', 'RDT....TI41101....INDIG', 1, '[{\"added\": {}}]', 17, 1),
(706, '2021-04-13 04:22:18.391036', '115', 'GIW....1041101....DASPRO', 1, '[{\"added\": {}}]', 17, 1),
(707, '2021-04-13 04:23:08.388728', '116', 'SML....1041102....MATDIS', 1, '[{\"added\": {}}]', 17, 1),
(708, '2021-04-13 04:23:49.408250', '117', 'YAG....1041102....MATDIS', 1, '[{\"added\": {}}]', 17, 1),
(709, '2021-04-13 04:24:33.474724', '118', 'AMS....1141105....PRPL', 1, '[{\"added\": {}}]', 17, 1),
(710, '2021-04-13 04:25:24.091370', '119', 'VES....1331105....PRPL', 1, '[{\"added\": {}}]', 17, 1),
(711, '2021-04-13 04:27:13.241444', '54', 'ARH....1041103....AOK', 1, '[{\"added\": {}}]', 15, 1),
(712, '2021-04-13 04:28:12.125497', '55', 'SRT....1141104....PSW I', 1, '[{\"added\": {}}]', 15, 1),
(713, '2021-04-13 04:29:31.457832', '56', 'RMM....KU41102....ING I', 1, '[{\"added\": {}}]', 15, 1),
(714, '2021-04-13 04:31:48.800289', '57', 'PHI....1041101....DASPRO', 1, '[{\"added\": {}}]', 15, 1),
(715, '2021-04-13 04:32:43.667353', '58', 'MH1....1041102....MATDIS', 1, '[{\"added\": {}}]', 15, 1),
(716, '2021-04-13 04:33:40.585502', '59', 'SEP....1141105....PRPL', 1, '[{\"added\": {}}]', 15, 1),
(717, '2021-04-13 04:36:00.103566', '37', 'SAM', 1, '[{\"added\": {}}]', 8, 1),
(718, '2021-04-13 04:36:16.885834', '38', 'SAM', 1, '[{\"added\": {}}]', 14, 1),
(719, '2021-04-13 04:37:36.472162', '120', 'THJ....KU41101....DELCHA', 1, '[{\"added\": {}}]', 17, 1),
(720, '2021-04-13 04:38:14.369068', '121', 'RIS....1141104....PSW I', 1, '[{\"added\": {}}]', 17, 1),
(721, '2021-04-13 04:39:14.968962', '122', 'YHP....1141104....PSW I', 1, '[{\"added\": {}}]', 17, 1),
(722, '2021-04-13 04:41:39.825849', '123', 'SAM....KU41102....ING I', 1, '[{\"added\": {}}]', 17, 1),
(723, '2021-04-13 04:42:26.604950', '124', 'AMS....1041101....DASPRO', 1, '[{\"added\": {}}]', 17, 1),
(724, '2021-04-13 04:42:50.483838', '125', 'REG....1041102....MATDIS', 1, '[{\"added\": {}}]', 17, 1),
(725, '2021-04-13 04:44:18.062019', '60', 'MH8....1141104....PSW I', 1, '[{\"added\": {}}]', 15, 1),
(726, '2021-04-13 04:44:58.488214', '61', 'SAM....KU41102....ING I', 1, '[{\"added\": {}}]', 15, 1),
(727, '2021-04-13 04:47:26.761051', '62', 'MH9....1041101....DASPRO', 1, '[{\"added\": {}}]', 15, 1),
(728, '2021-04-13 04:47:53.434053', '63', 'MH1....1041102....MATDIS', 1, '[{\"added\": {}}]', 15, 1),
(729, '2021-04-13 04:49:22.734491', '126', 'MPR....KU32101....ING III', 1, '[{\"added\": {}}]', 17, 1),
(730, '2021-04-13 04:49:56.715968', '127', 'IFY....MA32101....PROBSTAT', 1, '[{\"added\": {}}]', 17, 1),
(731, '2021-04-13 04:50:28.367218', '128', 'ESS....1032101....JARKOM', 1, '[{\"added\": {}}]', 17, 1),
(732, '2021-04-13 04:50:48.527245', '129', 'GIW....1032101....JARKOM', 1, '[{\"added\": {}}]', 17, 1),
(733, '2021-04-13 04:51:38.993115', '130', 'TMP....1132102....PBO', 1, '[{\"added\": {}}]', 17, 1),
(734, '2021-04-13 04:52:10.845570', '131', 'RDT....1132103....PAM', 1, '[{\"added\": {}}]', 17, 1),
(735, '2021-04-13 04:52:50.167247', '132', 'GHP....1132103....PAM', 1, '[{\"added\": {}}]', 17, 1),
(736, '2021-04-13 04:53:24.080469', '133', 'IUS....1132104....PAP', 1, '[{\"added\": {}}]', 17, 1),
(737, '2021-04-13 04:53:55.538233', '134', 'GHP....1132104....PAP', 1, '[{\"added\": {}}]', 17, 1),
(738, '2021-04-13 04:54:22.368820', '135', 'VES....1132205....SBD', 1, '[{\"added\": {}}]', 17, 1),
(739, '2021-04-13 04:56:03.279811', '64', 'MPR....KU32101....ING III', 1, '[{\"added\": {}}]', 15, 1),
(740, '2021-04-13 04:56:40.033459', '65', 'MH2....MA32101....PROBSTAT', 1, '[{\"added\": {}}]', 15, 1),
(741, '2021-04-13 04:57:54.479495', '66', 'JAP....1032101....JARKOM', 1, '[{\"added\": {}}]', 15, 1),
(742, '2021-04-13 04:58:12.468421', '67', 'FST....1032101....JARKOM', 1, '[{\"added\": {}}]', 15, 1),
(743, '2021-04-13 04:58:36.700836', '68', 'AKH....1132102....PBO', 1, '[{\"added\": {}}]', 15, 1),
(744, '2021-04-13 04:59:12.797163', '69', 'JNM....1132103....PAM', 1, '[{\"added\": {}}]', 15, 1),
(745, '2021-04-13 04:59:43.113050', '70', 'CDN....1132104....PAP', 1, '[{\"added\": {}}]', 15, 1),
(746, '2021-04-13 05:00:14.320901', '71', 'VKS....1132205....SBD', 1, '[{\"added\": {}}]', 15, 1),
(747, '2021-04-13 05:01:28.560572', '136', 'IFY....MA32101....PROBSTAT', 1, '[{\"added\": {}}]', 17, 1),
(748, '2021-04-13 05:01:58.112537', '137', 'ESS....1032101....JARKOM', 1, '[{\"added\": {}}]', 17, 1),
(749, '2021-04-13 05:02:53.926930', '138', 'GIW....1032101....JARKOM', 1, '[{\"added\": {}}]', 17, 1),
(750, '2021-04-13 05:03:26.324018', '139', 'JYD....KU32101....ING III', 1, '[{\"added\": {}}]', 17, 1),
(751, '2021-04-13 05:04:09.054736', '140', 'MMS....1332102....PROGSIS', 1, '[{\"added\": {}}]', 17, 1),
(752, '2021-04-13 05:04:57.994734', '141', 'AZP....1332103....PAP', 1, '[{\"added\": {}}]', 17, 1),
(753, '2021-04-13 05:05:55.115127', '142', 'JHS....1332104....VIRKOM', 1, '[{\"added\": {}}]', 17, 1),
(754, '2021-04-13 05:06:24.736139', '143', 'PDS....1332105....DE', 1, '[{\"added\": {}}]', 17, 1),
(755, '2021-04-13 05:06:59.051123', '144', 'GIW....1332104....VIRKOM', 1, '[{\"added\": {}}]', 17, 1),
(756, '2021-04-13 05:38:55.178878', '72', 'MH2....MA32101....PROBSTAT', 1, '[{\"added\": {}}]', 15, 1),
(757, '2021-04-13 05:39:27.050929', '73', 'JAP....1032101....JARKOM', 1, '[{\"added\": {}}]', 15, 1),
(758, '2021-04-13 05:39:50.489776', '74', 'FST....1032101....JARKOM', 1, '[{\"added\": {}}]', 15, 1),
(759, '2021-04-13 05:40:10.045142', '75', 'TLS....1032101....JARKOM', 1, '[{\"added\": {}}]', 15, 1),
(760, '2021-04-13 05:40:34.097882', '76', 'JYD....KU32101....ING III', 1, '[{\"added\": {}}]', 15, 1),
(761, '2021-04-13 05:40:55.654087', '77', 'JAP....1332102....PROGSIS', 1, '[{\"added\": {}}]', 15, 1),
(762, '2021-04-13 05:41:23.984376', '78', 'JAP....1332103....PAP', 1, '[{\"added\": {}}]', 15, 1),
(763, '2021-04-13 05:41:46.329448', '79', 'JAP....1332104....VIRKOM', 1, '[{\"added\": {}}]', 15, 1),
(764, '2021-04-13 05:42:09.271231', '80', 'WON....1332105....DE', 1, '[{\"added\": {}}]', 15, 1),
(765, '2021-04-13 05:50:00.356639', '145', 'ESS....1042101....JARKOM', 1, '[{\"added\": {}}]', 17, 1),
(766, '2021-04-13 05:50:28.368596', '146', 'GIW....1042101....JARKOM', 1, '[{\"added\": {}}]', 17, 1),
(767, '2021-04-13 05:51:51.442854', '147', 'RMM....KU42101....ING III', 1, '[{\"added\": {}}]', 17, 1),
(768, '2021-04-13 05:53:10.893586', '148', 'YHP....1042102....ALSRUDAT', 1, '[{\"added\": {}}]', 17, 1),
(769, '2021-04-13 05:53:45.326154', '149', 'RDT....1142103....OOSD', 1, '[{\"added\": {}}]', 17, 1),
(770, '2021-04-13 05:54:27.022994', '150', 'RIS....1142104....PAP', 1, '[{\"added\": {}}]', 17, 1),
(771, '2021-04-13 05:54:57.921711', '151', 'VES....1142105....SBD', 1, '[{\"added\": {}}]', 17, 1),
(772, '2021-04-13 05:55:27.118399', '152', 'REG....1142106....LOGIN', 1, '[{\"added\": {}}]', 17, 1),
(773, '2021-04-13 05:56:08.096460', '81', 'JAP....1042101....JARKOM', 1, '[{\"added\": {}}]', 15, 1),
(774, '2021-04-13 05:56:36.540296', '82', 'FST....1042101....JARKOM', 1, '[{\"added\": {}}]', 15, 1),
(775, '2021-04-13 05:57:01.956183', '83', 'RMM....KU42101....ING III', 1, '[{\"added\": {}}]', 15, 1),
(776, '2021-04-13 05:57:35.929685', '84', 'AKH....1042102....ALSRUDAT', 1, '[{\"added\": {}}]', 15, 1),
(777, '2021-04-13 05:58:04.530290', '85', 'JNM....1142103....OOSD', 1, '[{\"added\": {}}]', 15, 1),
(778, '2021-04-13 05:58:37.925671', '86', 'CDN....1142104....PAP', 1, '[{\"added\": {}}]', 15, 1),
(779, '2021-04-13 05:59:07.965795', '87', 'RDS....1142105....SBD', 1, '[{\"added\": {}}]', 15, 1),
(780, '2021-04-13 06:00:03.521550', '88', 'MH3....1142106....LOGIN', 1, '[{\"added\": {}}]', 15, 1),
(781, '2021-04-13 06:00:46.509329', '89', 'THJ....KU33101....ING V', 1, '[{\"added\": {}}]', 15, 1),
(782, '2021-04-13 06:01:16.258183', '89', 'THJ....KU33101....ING V', 3, '', 15, 1),
(783, '2021-04-13 06:01:46.223992', '153', 'THJ....KU33101....ING V', 1, '[{\"added\": {}}]', 17, 1),
(784, '2021-04-13 06:02:05.128645', '154', 'YHP....1033101....TEKCERTAN', 1, '[{\"added\": {}}]', 17, 1),
(785, '2021-04-13 06:02:27.793660', '155', 'GHP....1033101....TEKCERTAN', 1, '[{\"added\": {}}]', 17, 1),
(786, '2021-04-13 06:02:58.801837', '156', 'YHP....1133102....ALU', 1, '[{\"added\": {}}]', 17, 1),
(787, '2021-04-13 06:03:50.834034', '157', 'TMP....1133103....JAVA EE', 1, '[{\"added\": {}}]', 17, 1),
(788, '2021-04-13 06:04:36.095709', '158', 'GHP....1133103....JAVA EE', 1, '[{\"added\": {}}]', 17, 1),
(789, '2021-04-13 06:05:00.653207', '159', 'TNT....1133104....KEPAL', 1, '[{\"added\": {}}]', 17, 1),
(790, '2021-04-13 06:06:07.954238', '160', 'MPR....1133190....TA 1', 1, '[{\"added\": {}}]', 17, 1),
(791, '2021-04-13 06:06:35.640446', '161', 'WES....TI33101....TEKNO', 1, '[{\"added\": {}}]', 17, 1),
(792, '2021-04-13 06:07:55.426978', '90', 'THJ....KU33101....ING V', 1, '[{\"added\": {}}]', 15, 1),
(793, '2021-04-13 06:08:17.278248', '91', 'WON....1033101....TEKCERTAN', 1, '[{\"added\": {}}]', 15, 1),
(794, '2021-04-13 06:08:48.173066', '92', 'JNM....1133102....ALU', 1, '[{\"added\": {}}]', 15, 1),
(795, '2021-04-13 06:09:34.564481', '93', 'VKS....1133103....JAVA EE', 1, '[{\"added\": {}}]', 15, 1),
(796, '2021-04-13 06:09:59.357333', '94', 'AKH....1133104....KEPAL', 1, '[{\"added\": {}}]', 15, 1),
(797, '2021-04-13 06:10:48.424404', '95', 'MPR....1133190....TA 1', 1, '[{\"added\": {}}]', 15, 1),
(798, '2021-04-13 06:11:36.614815', '96', 'RDS....TI33101....TEKNO', 1, '[{\"added\": {}}]', 15, 1),
(799, '2021-04-13 06:12:50.677298', '97', 'THJ....KU33101....ING V', 1, '[{\"added\": {}}]', 15, 1),
(800, '2021-04-13 06:13:21.796000', '98', 'RDS....TI33101....TEKNO', 1, '[{\"added\": {}}]', 15, 1),
(801, '2021-04-13 06:14:27.308745', '99', 'FST....1333101....ADJAR', 1, '[{\"added\": {}}]', 15, 1),
(802, '2021-04-13 06:15:02.656156', '100', 'FST....1333102....KAJAR', 1, '[{\"added\": {}}]', 15, 1),
(803, '2021-04-13 06:15:41.250678', '101', 'TLS....1333103....PIC', 1, '[{\"added\": {}}]', 15, 1),
(804, '2021-04-13 06:16:07.392901', '102', 'JAP....1333103....PIC', 1, '[{\"added\": {}}]', 15, 1),
(805, '2021-04-13 06:16:35.255296', '103', 'TLS....1333104....TEK IOT', 1, '[{\"added\": {}}]', 15, 1),
(806, '2021-04-13 06:17:30.404781', '104', 'IPM....1333105....TA 1', 1, '[{\"added\": {}}]', 15, 1),
(807, '2021-04-13 06:18:11.699898', '162', 'THJ....KU33101....ING V', 1, '[{\"added\": {}}]', 17, 1),
(808, '2021-04-13 06:18:47.488190', '163', 'WES....TI33101....TEKNO', 1, '[{\"added\": {}}]', 17, 1),
(809, '2021-04-13 06:19:43.961247', '164', 'ESS....1333101....ADJAR', 1, '[{\"added\": {}}]', 17, 1),
(810, '2021-04-13 06:20:14.244766', '165', 'JHS....1333102....KAJAR', 1, '[{\"added\": {}}]', 17, 1),
(811, '2021-04-13 06:21:15.154676', '166', 'GIW....1333102....KAJAR', 1, '[{\"added\": {}}]', 17, 1),
(812, '2021-04-13 06:21:39.173154', '167', 'MMS....1333103....PIC', 1, '[{\"added\": {}}]', 17, 1),
(813, '2021-04-13 06:22:08.866821', '168', 'PDS....1333103....PIC', 1, '[{\"added\": {}}]', 17, 1),
(814, '2021-04-13 06:22:39.274637', '169', 'MMS....1333104....TEK IOT', 1, '[{\"added\": {}}]', 17, 1),
(815, '2021-04-13 06:23:48.617407', '170', 'AZP....1333104....TEK IOT', 1, '[{\"added\": {}}]', 17, 1),
(816, '2021-04-13 06:24:53.534269', '171', 'IPM....1333105....TA 1', 1, '[{\"added\": {}}]', 17, 1),
(817, '2021-04-13 06:25:41.223849', '104', 'IPM....1333105....TA 1', 2, '[]', 15, 1),
(818, '2021-04-13 06:27:19.641000', '172', 'RMM....KU43101....ING V', 1, '[{\"added\": {}}]', 17, 1),
(819, '2021-04-13 06:28:20.697785', '173', 'AMS....1143101....PPL', 1, '[{\"added\": {}}]', 17, 1),
(820, '2021-04-13 06:29:02.780572', '174', 'YHP....1143102....ALU', 1, '[{\"added\": {}}]', 17, 1),
(821, '2021-04-13 06:29:27.082660', '175', 'RIS....1143103....KREN', 1, '[{\"added\": {}}]', 17, 1),
(822, '2021-04-13 06:29:55.611974', '176', 'TNT....1143104....KEPAL', 1, '[{\"added\": {}}]', 17, 1),
(823, '2021-04-13 06:30:18.399712', '177', 'JHS....1143104....KEPAL', 1, '[{\"added\": {}}]', 17, 1),
(824, '2021-04-13 06:31:18.300241', '178', 'MSL....1143105....AUTOMATA', 1, '[{\"added\": {}}]', 17, 1),
(825, '2021-04-13 06:31:39.721614', '179', 'YHP....1143106....METPEN', 1, '[{\"added\": {}}]', 17, 1),
(826, '2021-04-13 06:32:08.366778', '180', 'REG....1143106....METPEN', 1, '[{\"added\": {}}]', 17, 1),
(827, '2021-04-13 06:32:36.772641', '181', 'IFY....1143203....PM', 1, '[{\"added\": {}}]', 17, 1),
(828, '2021-04-13 06:33:42.719336', '182', 'RIS....TI44101....TEKNO', 1, '[{\"added\": {}}]', 17, 1),
(829, '2021-04-13 06:34:25.370842', '183', 'LMG....1144101....APPL', 1, '[{\"added\": {}}]', 17, 1),
(830, '2021-04-13 06:35:15.175064', '184', 'AMS....1144102....MANPRO', 1, '[{\"added\": {}}]', 17, 1),
(831, '2021-04-13 06:35:52.159991', '185', 'VES....1144102....MANPRO', 1, '[{\"added\": {}}]', 17, 1),
(832, '2021-04-13 06:36:31.052887', '186', 'AMS....1144103....KUPEL', 1, '[{\"added\": {}}]', 17, 1),
(833, '2021-04-13 06:36:49.947550', '187', 'VES....1144103....KUPEL', 1, '[{\"added\": {}}]', 17, 1),
(834, '2021-04-13 06:37:19.683133', '188', 'RDT....1144104....RPL', 1, '[{\"added\": {}}]', 17, 1),
(835, '2021-04-13 06:37:50.048446', '189', 'YHP....1144105....CERTAN', 1, '[{\"added\": {}}]', 17, 1),
(836, '2021-04-13 06:38:11.788074', '190', 'GHP....1144105....CERTAN', 1, '[{\"added\": {}}]', 17, 1),
(837, '2021-04-13 06:38:43.964258', '191', 'VES....1144190....TA I', 1, '[{\"added\": {}}]', 17, 1),
(838, '2021-04-13 06:40:41.285361', '105', 'RMM....KU43101....ING V', 1, '[{\"added\": {}}]', 15, 1),
(839, '2021-04-13 06:41:37.336461', '106', 'ATN....1143101....PPL', 1, '[{\"added\": {}}]', 15, 1),
(840, '2021-04-13 06:42:26.541724', '107', 'JNM....1143102....ALU', 1, '[{\"added\": {}}]', 15, 1),
(841, '2021-04-13 06:42:54.738021', '108', 'CDN....1143103....KREN', 1, '[{\"added\": {}}]', 15, 1),
(842, '2021-04-13 06:43:36.598153', '109', 'AKH....1143104....KEPAL', 1, '[{\"added\": {}}]', 15, 1),
(843, '2021-04-13 06:44:17.740228', '110', 'SRT....1143104....KEPAL', 1, '[{\"added\": {}}]', 15, 1),
(844, '2021-04-13 06:44:54.375017', '111', 'MH4....1143105....AUTOMATA', 1, '[{\"added\": {}}]', 15, 1),
(845, '2021-04-13 06:45:29.701696', '112', 'MH5....1143106....METPEN', 1, '[{\"added\": {}}]', 15, 1),
(846, '2021-04-13 06:45:57.254173', '113', 'ATN....1143203....PM', 1, '[{\"added\": {}}]', 15, 1),
(847, '2021-04-13 06:46:36.950415', '114', 'CDN....TI44101....TEKNO', 1, '[{\"added\": {}}]', 15, 1),
(848, '2021-04-13 06:47:40.988315', '115', 'MH5....1144101....APPL', 1, '[{\"added\": {}}]', 15, 1),
(849, '2021-04-13 06:48:09.040476', '116', 'MH6....1144102....MANPRO', 1, '[{\"added\": {}}]', 15, 1),
(850, '2021-04-13 06:48:39.076191', '117', 'RDS....1144103....KUPEL', 1, '[{\"added\": {}}]', 15, 1),
(851, '2021-04-13 06:49:07.686784', '118', 'SJS....1144104....RPL', 1, '[{\"added\": {}}]', 15, 1),
(852, '2021-04-13 06:49:28.317264', '119', 'PHI....1144105....CERTAN', 1, '[{\"added\": {}}]', 15, 1),
(853, '2021-04-13 06:49:50.389223', '120', 'VES....1144190....TA I', 1, '[{\"added\": {}}]', 15, 1);

-- --------------------------------------------------------

--
-- Struktur dari tabel `django_content_type`
--

CREATE TABLE `django_content_type` (
  `id` int(11) NOT NULL,
  `app_label` varchar(100) NOT NULL,
  `model` varchar(100) NOT NULL
) ENGINE=InnoDB DEFAULT CHARSET=utf8mb4;

--
-- Dumping data untuk tabel `django_content_type`
--

INSERT INTO `django_content_type` (`id`, `app_label`, `model`) VALUES
(1, 'admin', 'logentry'),
(7, 'App', 'akun'),
(8, 'App', 'dosen'),
(17, 'App', 'dosen_matkul_kelas'),
(9, 'App', 'hari'),
(16, 'App', 'jadwal'),
(10, 'App', 'kategori'),
(11, 'App', 'kelas'),
(12, 'App', 'matkul'),
(13, 'App', 'sesi'),
(14, 'App', 'ta'),
(15, 'App', 'ta_matkul_kelas'),
(3, 'auth', 'group'),
(2, 'auth', 'permission'),
(4, 'auth', 'user'),
(5, 'contenttypes', 'contenttype'),
(6, 'sessions', 'session');

-- --------------------------------------------------------

--
-- Struktur dari tabel `django_migrations`
--

CREATE TABLE `django_migrations` (
  `id` int(11) NOT NULL,
  `app` varchar(255) NOT NULL,
  `name` varchar(255) NOT NULL,
  `applied` datetime(6) NOT NULL
) ENGINE=InnoDB DEFAULT CHARSET=utf8mb4;

--
-- Dumping data untuk tabel `django_migrations`
--

INSERT INTO `django_migrations` (`id`, `app`, `name`, `applied`) VALUES
(1, 'App', '0001_initial', '2021-04-09 16:29:26.596854'),
(2, 'contenttypes', '0001_initial', '2021-04-09 16:29:27.652200'),
(3, 'auth', '0001_initial', '2021-04-09 16:29:27.881953'),
(4, 'admin', '0001_initial', '2021-04-09 16:29:28.528347'),
(5, 'admin', '0002_logentry_remove_auto_add', '2021-04-09 16:29:28.661183'),
(6, 'admin', '0003_logentry_add_action_flag_choices', '2021-04-09 16:29:28.675146'),
(7, 'contenttypes', '0002_remove_content_type_name', '2021-04-09 16:29:28.772994'),
(8, 'auth', '0002_alter_permission_name_max_length', '2021-04-09 16:29:28.844464'),
(9, 'auth', '0003_alter_user_email_max_length', '2021-04-09 16:29:28.916014'),
(10, 'auth', '0004_alter_user_username_opts', '2021-04-09 16:29:28.932640'),
(11, 'auth', '0005_alter_user_last_login_null', '2021-04-09 16:29:29.054567'),
(12, 'auth', '0006_require_contenttypes_0002', '2021-04-09 16:29:29.068755'),
(13, 'auth', '0007_alter_validators_add_error_messages', '2021-04-09 16:29:29.087740'),
(14, 'auth', '0008_alter_user_username_max_length', '2021-04-09 16:29:29.190271'),
(15, 'auth', '0009_alter_user_last_name_max_length', '2021-04-09 16:29:29.268097'),
(16, 'auth', '0010_alter_group_name_max_length', '2021-04-09 16:29:29.339873'),
(17, 'auth', '0011_update_proxy_permissions', '2021-04-09 16:29:29.359853'),
(18, 'auth', '0012_alter_user_first_name_max_length', '2021-04-09 16:29:29.445674'),
(19, 'sessions', '0001_initial', '2021-04-09 16:29:29.488561');

-- --------------------------------------------------------

--
-- Struktur dari tabel `django_session`
--

CREATE TABLE `django_session` (
  `session_key` varchar(40) NOT NULL,
  `session_data` longtext NOT NULL,
  `expire_date` datetime(6) NOT NULL
) ENGINE=InnoDB DEFAULT CHARSET=utf8mb4;

--
-- Dumping data untuk tabel `django_session`
--

INSERT INTO `django_session` (`session_key`, `session_data`, `expire_date`) VALUES
('nml7bz9j4bpe6418cumrm33v6sp8o8mo', '.eJxVjEEOwiAQRe_C2pABWhxcuu8ZyAwDUjVtUtqV8e7apAvd_vfef6lI21rj1vISR1EXZdTpd2NKjzztQO403Wad5mldRta7og_a9DBLfl4P9--gUqvfmqEP5DJay4WNK5gsnKmTQF3BjiF7CeCLZIcpOfHgLLBFNBYQHfbq_QHp8Tds:1lUu2t:-vKJsESivPPrw0wNYQ7j8ixQ2uvmwykF4Hvu69xaMg0', '2021-04-23 16:31:47.960362');

--
-- Indexes for dumped tables
--

--
-- Indeks untuk tabel `app_akun`
--
ALTER TABLE `app_akun`
  ADD PRIMARY KEY (`id`);

--
-- Indeks untuk tabel `app_dosen`
--
ALTER TABLE `app_dosen`
  ADD PRIMARY KEY (`id`);

--
-- Indeks untuk tabel `app_dosen_matkul_kelas`
--
ALTER TABLE `app_dosen_matkul_kelas`
  ADD PRIMARY KEY (`id`),
  ADD KEY `App_dosen_matkul_kelas_no_dosen_id_ddd0971b_fk_App_dosen_id` (`no_dosen_id`),
  ADD KEY `App_dosen_matkul_kelas_no_kelas_id_31f6c55a_fk_App_kelas_id` (`no_kelas_id`),
  ADD KEY `App_dosen_matkul_kelas_no_matkul_id_266b55a0_fk_App_matkul_id` (`no_matkul_id`);

--
-- Indeks untuk tabel `app_hari`
--
ALTER TABLE `app_hari`
  ADD PRIMARY KEY (`id`);

--
-- Indeks untuk tabel `app_jadwal`
--
ALTER TABLE `app_jadwal`
  ADD PRIMARY KEY (`id`),
  ADD KEY `App_jadwal_kategori_id_8b39b24c_fk_App_kategori_id` (`kategori_id`),
  ADD KEY `App_jadwal_no_akun_id_5a5b2b65_fk_App_akun_id` (`no_akun_id`),
  ADD KEY `App_jadwal_no_dosen_id_a7b575a3_fk_App_dosen_id` (`no_dosen_id`),
  ADD KEY `App_jadwal_no_hari_id_19c8ed74_fk_App_hari_id` (`no_hari_id`),
  ADD KEY `App_jadwal_no_kelas_id_fae09bdc_fk_App_kelas_id` (`no_kelas_id`),
  ADD KEY `App_jadwal_no_matkul_id_e2e33f71_fk_App_matkul_id` (`no_matkul_id`),
  ADD KEY `App_jadwal_no_sesi_id_fbbc649e_fk_App_sesi_id` (`no_sesi_id`),
  ADD KEY `App_jadwal_no_ta_id_19cb9b74_fk_App_ta_id` (`no_ta_id`);

--
-- Indeks untuk tabel `app_kategori`
--
ALTER TABLE `app_kategori`
  ADD PRIMARY KEY (`id`);

--
-- Indeks untuk tabel `app_kelas`
--
ALTER TABLE `app_kelas`
  ADD PRIMARY KEY (`id`);

--
-- Indeks untuk tabel `app_matkul`
--
ALTER TABLE `app_matkul`
  ADD PRIMARY KEY (`id`),
  ADD KEY `App_matkul_kategori_id_7b600152_fk_App_kategori_id` (`kategori_id`);

--
-- Indeks untuk tabel `app_sesi`
--
ALTER TABLE `app_sesi`
  ADD PRIMARY KEY (`id`);

--
-- Indeks untuk tabel `app_ta`
--
ALTER TABLE `app_ta`
  ADD PRIMARY KEY (`id`);

--
-- Indeks untuk tabel `app_ta_matkul_kelas`
--
ALTER TABLE `app_ta_matkul_kelas`
  ADD PRIMARY KEY (`id`),
  ADD KEY `App_ta_matkul_kelas_no_kelas_id_7406de1c_fk_App_kelas_id` (`no_kelas_id`),
  ADD KEY `App_ta_matkul_kelas_no_matkul_id_e59e1299_fk_App_matkul_id` (`no_matkul_id`),
  ADD KEY `App_ta_matkul_kelas_no_ta_id_db9a175d_fk_App_ta_id` (`no_ta_id`);

--
-- Indeks untuk tabel `auth_group`
--
ALTER TABLE `auth_group`
  ADD PRIMARY KEY (`id`),
  ADD UNIQUE KEY `name` (`name`);

--
-- Indeks untuk tabel `auth_group_permissions`
--
ALTER TABLE `auth_group_permissions`
  ADD PRIMARY KEY (`id`),
  ADD UNIQUE KEY `auth_group_permissions_group_id_permission_id_0cd325b0_uniq` (`group_id`,`permission_id`),
  ADD KEY `auth_group_permissio_permission_id_84c5c92e_fk_auth_perm` (`permission_id`);

--
-- Indeks untuk tabel `auth_permission`
--
ALTER TABLE `auth_permission`
  ADD PRIMARY KEY (`id`),
  ADD UNIQUE KEY `auth_permission_content_type_id_codename_01ab375a_uniq` (`content_type_id`,`codename`);

--
-- Indeks untuk tabel `auth_user`
--
ALTER TABLE `auth_user`
  ADD PRIMARY KEY (`id`),
  ADD UNIQUE KEY `username` (`username`);

--
-- Indeks untuk tabel `auth_user_groups`
--
ALTER TABLE `auth_user_groups`
  ADD PRIMARY KEY (`id`),
  ADD UNIQUE KEY `auth_user_groups_user_id_group_id_94350c0c_uniq` (`user_id`,`group_id`),
  ADD KEY `auth_user_groups_group_id_97559544_fk_auth_group_id` (`group_id`);

--
-- Indeks untuk tabel `auth_user_user_permissions`
--
ALTER TABLE `auth_user_user_permissions`
  ADD PRIMARY KEY (`id`),
  ADD UNIQUE KEY `auth_user_user_permissions_user_id_permission_id_14a6b632_uniq` (`user_id`,`permission_id`),
  ADD KEY `auth_user_user_permi_permission_id_1fbb5f2c_fk_auth_perm` (`permission_id`);

--
-- Indeks untuk tabel `django_admin_log`
--
ALTER TABLE `django_admin_log`
  ADD PRIMARY KEY (`id`),
  ADD KEY `django_admin_log_content_type_id_c4bce8eb_fk_django_co` (`content_type_id`),
  ADD KEY `django_admin_log_user_id_c564eba6_fk_auth_user_id` (`user_id`);

--
-- Indeks untuk tabel `django_content_type`
--
ALTER TABLE `django_content_type`
  ADD PRIMARY KEY (`id`),
  ADD UNIQUE KEY `django_content_type_app_label_model_76bd3d3b_uniq` (`app_label`,`model`);

--
-- Indeks untuk tabel `django_migrations`
--
ALTER TABLE `django_migrations`
  ADD PRIMARY KEY (`id`);

--
-- Indeks untuk tabel `django_session`
--
ALTER TABLE `django_session`
  ADD PRIMARY KEY (`session_key`),
  ADD KEY `django_session_expire_date_a5c62663` (`expire_date`);

--
-- AUTO_INCREMENT untuk tabel yang dibuang
--

--
-- AUTO_INCREMENT untuk tabel `app_akun`
--
ALTER TABLE `app_akun`
  MODIFY `id` int(11) NOT NULL AUTO_INCREMENT, AUTO_INCREMENT=7;

--
-- AUTO_INCREMENT untuk tabel `app_dosen`
--
ALTER TABLE `app_dosen`
  MODIFY `id` int(11) NOT NULL AUTO_INCREMENT, AUTO_INCREMENT=38;

--
-- AUTO_INCREMENT untuk tabel `app_dosen_matkul_kelas`
--
ALTER TABLE `app_dosen_matkul_kelas`
  MODIFY `id` int(11) NOT NULL AUTO_INCREMENT, AUTO_INCREMENT=192;

--
-- AUTO_INCREMENT untuk tabel `app_hari`
--
ALTER TABLE `app_hari`
  MODIFY `id` int(11) NOT NULL AUTO_INCREMENT, AUTO_INCREMENT=6;

--
-- AUTO_INCREMENT untuk tabel `app_jadwal`
--
ALTER TABLE `app_jadwal`
  MODIFY `id` int(11) NOT NULL AUTO_INCREMENT;

--
-- AUTO_INCREMENT untuk tabel `app_kategori`
--
ALTER TABLE `app_kategori`
  MODIFY `id` int(11) NOT NULL AUTO_INCREMENT, AUTO_INCREMENT=3;

--
-- AUTO_INCREMENT untuk tabel `app_kelas`
--
ALTER TABLE `app_kelas`
  MODIFY `id` int(11) NOT NULL AUTO_INCREMENT, AUTO_INCREMENT=12;

--
-- AUTO_INCREMENT untuk tabel `app_matkul`
--
ALTER TABLE `app_matkul`
  MODIFY `id` int(11) NOT NULL AUTO_INCREMENT, AUTO_INCREMENT=250;

--
-- AUTO_INCREMENT untuk tabel `app_sesi`
--
ALTER TABLE `app_sesi`
  MODIFY `id` int(11) NOT NULL AUTO_INCREMENT, AUTO_INCREMENT=9;

--
-- AUTO_INCREMENT untuk tabel `app_ta`
--
ALTER TABLE `app_ta`
  MODIFY `id` int(11) NOT NULL AUTO_INCREMENT, AUTO_INCREMENT=39;

--
-- AUTO_INCREMENT untuk tabel `app_ta_matkul_kelas`
--
ALTER TABLE `app_ta_matkul_kelas`
  MODIFY `id` int(11) NOT NULL AUTO_INCREMENT, AUTO_INCREMENT=121;

--
-- AUTO_INCREMENT untuk tabel `auth_group`
--
ALTER TABLE `auth_group`
  MODIFY `id` int(11) NOT NULL AUTO_INCREMENT;

--
-- AUTO_INCREMENT untuk tabel `auth_group_permissions`
--
ALTER TABLE `auth_group_permissions`
  MODIFY `id` int(11) NOT NULL AUTO_INCREMENT;

--
-- AUTO_INCREMENT untuk tabel `auth_permission`
--
ALTER TABLE `auth_permission`
  MODIFY `id` int(11) NOT NULL AUTO_INCREMENT, AUTO_INCREMENT=69;

--
-- AUTO_INCREMENT untuk tabel `auth_user`
--
ALTER TABLE `auth_user`
  MODIFY `id` int(11) NOT NULL AUTO_INCREMENT, AUTO_INCREMENT=2;

--
-- AUTO_INCREMENT untuk tabel `auth_user_groups`
--
ALTER TABLE `auth_user_groups`
  MODIFY `id` int(11) NOT NULL AUTO_INCREMENT;

--
-- AUTO_INCREMENT untuk tabel `auth_user_user_permissions`
--
ALTER TABLE `auth_user_user_permissions`
  MODIFY `id` int(11) NOT NULL AUTO_INCREMENT;

--
-- AUTO_INCREMENT untuk tabel `django_admin_log`
--
ALTER TABLE `django_admin_log`
  MODIFY `id` int(11) NOT NULL AUTO_INCREMENT, AUTO_INCREMENT=854;

--
-- AUTO_INCREMENT untuk tabel `django_content_type`
--
ALTER TABLE `django_content_type`
  MODIFY `id` int(11) NOT NULL AUTO_INCREMENT, AUTO_INCREMENT=18;

--
-- AUTO_INCREMENT untuk tabel `django_migrations`
--
ALTER TABLE `django_migrations`
  MODIFY `id` int(11) NOT NULL AUTO_INCREMENT, AUTO_INCREMENT=20;

--
-- Ketidakleluasaan untuk tabel pelimpahan (Dumped Tables)
--

--
-- Ketidakleluasaan untuk tabel `app_dosen_matkul_kelas`
--
ALTER TABLE `app_dosen_matkul_kelas`
  ADD CONSTRAINT `App_dosen_matkul_kelas_no_dosen_id_ddd0971b_fk_App_dosen_id` FOREIGN KEY (`no_dosen_id`) REFERENCES `app_dosen` (`id`),
  ADD CONSTRAINT `App_dosen_matkul_kelas_no_kelas_id_31f6c55a_fk_App_kelas_id` FOREIGN KEY (`no_kelas_id`) REFERENCES `app_kelas` (`id`),
  ADD CONSTRAINT `App_dosen_matkul_kelas_no_matkul_id_266b55a0_fk_App_matkul_id` FOREIGN KEY (`no_matkul_id`) REFERENCES `app_matkul` (`id`);

--
-- Ketidakleluasaan untuk tabel `app_jadwal`
--
ALTER TABLE `app_jadwal`
  ADD CONSTRAINT `App_jadwal_kategori_id_8b39b24c_fk_App_kategori_id` FOREIGN KEY (`kategori_id`) REFERENCES `app_kategori` (`id`),
  ADD CONSTRAINT `App_jadwal_no_akun_id_5a5b2b65_fk_App_akun_id` FOREIGN KEY (`no_akun_id`) REFERENCES `app_akun` (`id`),
  ADD CONSTRAINT `App_jadwal_no_dosen_id_a7b575a3_fk_App_dosen_id` FOREIGN KEY (`no_dosen_id`) REFERENCES `app_dosen` (`id`),
  ADD CONSTRAINT `App_jadwal_no_hari_id_19c8ed74_fk_App_hari_id` FOREIGN KEY (`no_hari_id`) REFERENCES `app_hari` (`id`),
  ADD CONSTRAINT `App_jadwal_no_kelas_id_fae09bdc_fk_App_kelas_id` FOREIGN KEY (`no_kelas_id`) REFERENCES `app_kelas` (`id`),
  ADD CONSTRAINT `App_jadwal_no_matkul_id_e2e33f71_fk_App_matkul_id` FOREIGN KEY (`no_matkul_id`) REFERENCES `app_matkul` (`id`),
  ADD CONSTRAINT `App_jadwal_no_sesi_id_fbbc649e_fk_App_sesi_id` FOREIGN KEY (`no_sesi_id`) REFERENCES `app_sesi` (`id`),
  ADD CONSTRAINT `App_jadwal_no_ta_id_19cb9b74_fk_App_ta_id` FOREIGN KEY (`no_ta_id`) REFERENCES `app_ta` (`id`);

--
-- Ketidakleluasaan untuk tabel `app_matkul`
--
ALTER TABLE `app_matkul`
  ADD CONSTRAINT `App_matkul_kategori_id_7b600152_fk_App_kategori_id` FOREIGN KEY (`kategori_id`) REFERENCES `app_kategori` (`id`);

--
-- Ketidakleluasaan untuk tabel `app_ta_matkul_kelas`
--
ALTER TABLE `app_ta_matkul_kelas`
  ADD CONSTRAINT `App_ta_matkul_kelas_no_kelas_id_7406de1c_fk_App_kelas_id` FOREIGN KEY (`no_kelas_id`) REFERENCES `app_kelas` (`id`),
  ADD CONSTRAINT `App_ta_matkul_kelas_no_matkul_id_e59e1299_fk_App_matkul_id` FOREIGN KEY (`no_matkul_id`) REFERENCES `app_matkul` (`id`),
  ADD CONSTRAINT `App_ta_matkul_kelas_no_ta_id_db9a175d_fk_App_ta_id` FOREIGN KEY (`no_ta_id`) REFERENCES `app_ta` (`id`);

--
-- Ketidakleluasaan untuk tabel `auth_group_permissions`
--
ALTER TABLE `auth_group_permissions`
  ADD CONSTRAINT `auth_group_permissio_permission_id_84c5c92e_fk_auth_perm` FOREIGN KEY (`permission_id`) REFERENCES `auth_permission` (`id`),
  ADD CONSTRAINT `auth_group_permissions_group_id_b120cbf9_fk_auth_group_id` FOREIGN KEY (`group_id`) REFERENCES `auth_group` (`id`);

--
-- Ketidakleluasaan untuk tabel `auth_permission`
--
ALTER TABLE `auth_permission`
  ADD CONSTRAINT `auth_permission_content_type_id_2f476e4b_fk_django_co` FOREIGN KEY (`content_type_id`) REFERENCES `django_content_type` (`id`);

--
-- Ketidakleluasaan untuk tabel `auth_user_groups`
--
ALTER TABLE `auth_user_groups`
  ADD CONSTRAINT `auth_user_groups_group_id_97559544_fk_auth_group_id` FOREIGN KEY (`group_id`) REFERENCES `auth_group` (`id`),
  ADD CONSTRAINT `auth_user_groups_user_id_6a12ed8b_fk_auth_user_id` FOREIGN KEY (`user_id`) REFERENCES `auth_user` (`id`);

--
-- Ketidakleluasaan untuk tabel `auth_user_user_permissions`
--
ALTER TABLE `auth_user_user_permissions`
  ADD CONSTRAINT `auth_user_user_permi_permission_id_1fbb5f2c_fk_auth_perm` FOREIGN KEY (`permission_id`) REFERENCES `auth_permission` (`id`),
  ADD CONSTRAINT `auth_user_user_permissions_user_id_a95ead1b_fk_auth_user_id` FOREIGN KEY (`user_id`) REFERENCES `auth_user` (`id`);

--
-- Ketidakleluasaan untuk tabel `django_admin_log`
--
ALTER TABLE `django_admin_log`
  ADD CONSTRAINT `django_admin_log_content_type_id_c4bce8eb_fk_django_co` FOREIGN KEY (`content_type_id`) REFERENCES `django_content_type` (`id`),
  ADD CONSTRAINT `django_admin_log_user_id_c564eba6_fk_auth_user_id` FOREIGN KEY (`user_id`) REFERENCES `auth_user` (`id`);
COMMIT;

/*!40101 SET CHARACTER_SET_CLIENT=@OLD_CHARACTER_SET_CLIENT */;
/*!40101 SET CHARACTER_SET_RESULTS=@OLD_CHARACTER_SET_RESULTS */;
/*!40101 SET COLLATION_CONNECTION=@OLD_COLLATION_CONNECTION */;
